x,y,z,scaled x, scaled y, scaled z, distance
1136782.578899,480259.461137,769734.000000,284195.644725,120064.865284,19243.350000,26530.960220
1111762.309992,450398.579706,742749.000000,277940.577498,112599.644926,18568.725000,26064.358870
1094695.310160,464224.197924,762027.000000,273673.827540,116056.049481,19050.675000,22397.297911
1112054.810463,470092.082092,755580.000000,278013.702616,117523.020523,18889.500000,3815.635066
1123784.843358,476488.509648,771021.842387,280946.210839,119122.127412,19275.546060,17173.138814
1121596.292048,475609.463021,759696.000000,280399.073012,118902.365755,18992.400000,7955.176605
1128973.625433,492082.443064,767911.609335,282243.406358,123020.610766,19197.790233,26772.104636
1128353.288240,470053.762154,749234.559781,282088.322060,117513.440539,18730.863995,15480.934751
1126049.770668,455630.188945,732662.349817,281512.442667,113907.547236,18316.558745,31272.443023
1050071.393850,461887.379024,713608.298549,262517.848462,115471.844756,17840.207464,78753.879249
1086583.279664,456657.658972,736929.564478,271645.819916,114164.414743,18423.239112,38035.056857
1107876.436419,456642.967927,743292.250094,276969.109105,114160.741982,18582.306252,21769.136429
1118772.407506,470508.490145,759313.573759,279693.101877,117627.122536,18982.839344,4669.896675
1116740.839830,470699.182155,756658.956200,279185.209957,117674.795539,18916.473905,2156.040056
1133711.197941,486365.711870,767561.196807,283427.799485,121591.427967,19189.029920,25822.218214
1117734.849713,469949.774269,757682.688310,279433.712428,117487.443567,18942.067208,3469.715670
1142802.519416,456694.217299,768652.754818,285700.629854,114173.554325,19216.318870,33798.034807
1120627.757694,472837.233474,759981.220359,280156.939424,118209.308368,18999.530509,6405.649422
1123234.282144,456374.871529,741149.171295,280808.570536,114093.717882,18528.729282,23673.469296
1114635.824962,470881.843775,758898.000000,278658.956241,117720.460944,18972.450000,2323.129205
1072238.928001,434905.171456,739375.312327,268059.732000,108726.292864,18484.382808,59323.416162
1113978.662891,467315.791986,775274.290302,278494.665723,116828.947996,19381.857258,18979.369988
1049520.914281,469885.116940,733100.673008,262380.228570,117471.279235,18327.516825,69766.087148
1110229.069893,472649.595865,767970.000000,277557.267473,118162.398966,19199.250000,12076.081976
1129611.925580,464257.047337,750696.086407,282402.981395,116064.261834,18767.402160,17630.121729
1111636.833388,463297.034908,773445.504459,277909.208347,115824.258727,19336.137611,18999.218062
1113671.963717,470320.696653,758139.837551,278417.990929,117580.174163,18953.495939,2513.143582
1107478.662571,472719.779497,775390.950451,276869.665643,118179.944874,19384.773761,19978.408267
1112041.514845,469613.524927,755706.000000,278010.378711,117403.381232,18892.650000,4049.128141
1122721.367955,457010.047668,742372.163491,280680.341989,114252.511917,18559.304087,22265.553455
1128803.436053,476027.450691,768161.604519,282200.859013,119006.862673,19204.040113,18201.190185
1114450.807298,459537.195498,774651.337730,278612.701824,114884.298875,19366.283443,21695.431319
1118839.988013,470743.016841,775406.990292,279709.997003,117685.754210,19385.174757,18912.906633
1129415.966173,472681.229474,756754.697906,282353.991543,118170.307368,18918.867448,14371.953246
1149911.718777,460681.047581,780121.013630,287477.929694,115170.261895,19503.025341,43377.320166
1107261.180674,489312.859780,762878.532031,276815.295169,122328.214945,19071.963301,19880.401388
1113293.898074,470382.782078,767267.517192,278323.474519,117595.695520,19181.687930,10624.679963
1125365.078636,481129.606818,772200.743198,281341.269659,120282.401705,19305.018580,20557.427707
1100614.547687,493426.843287,771098.710490,275153.636922,123356.710822,19277.467762,29458.252230
1122991.071974,467258.488319,751426.461377,280747.767993,116814.622080,18785.661534,10760.621303
1138835.901610,468363.000000,756507.819445,284708.975402,117090.750000,18912.695486,24059.640712
1099636.287461,463203.270364,775091.798226,274909.071865,115800.817591,19377.294956,25414.767962
1097437.897112,463878.047326,766481.169760,274359.474278,115969.511832,19162.029244,21640.494965
1138420.741404,477739.009386,767545.075804,284605.185351,119434.752347,19188.626895,26292.162465
1108128.308109,471074.169145,777544.138964,277032.077027,117768.542286,19438.603474,21778.559161
1131183.712659,480064.499916,780439.908029,282795.928165,120016.124979,19510.997701,29627.855517
1118989.900057,458980.650854,754331.153017,279747.475014,114745.162714,18858.278825,13866.333333
1136154.645980,459008.759222,739000.186249,284038.661495,114752.189806,18475.004656,30585.949493
1121122.165373,472586.476876,774449.902167,280280.541343,118146.619219,19361.247554,18557.039075
1119273.142302,461174.852834,755731.337941,279818.285576,115293.713209,18893.283449,11699.037557
1140524.502551,484054.657703,764955.844848,285131.125638,121013.664426,19123.896121,29287.410561
1118025.489975,470517.011203,762140.326358,279506.372494,117629.252801,19053.508159,6190.068926
1119000.485841,464392.553190,755009.753600,279750.121460,116098.138297,18875.243840,8798.605025
1137586.880981,466492.597590,762873.066608,284396.720245,116623.149397,19071.826665,23947.771951
1132634.573395,467468.157150,742965.450731,283158.643349,116867.039287,18574.136268,22898.706938
1121449.737902,469043.457578,759822.000000,280362.434475,117260.864394,18995.550000,7624.564747
1132933.878259,478990.456194,768315.199234,283233.469565,119747.614049,19207.879981,22312.722861
1111243.782386,470262.848043,756516.808968,277810.945597,117565.712011,18912.920224,4222.290386
1129108.050830,493076.254587,768641.254441,282277.012707,123269.063647,19216.031361,27891.449604
1133750.616532,466301.736146,737069.038180,283437.654133,116575.434036,18426.725954,27859.363510
1119281.770471,448035.502875,743253.000000,279820.442618,112008.875719,18581.325000,27929.522538
1128445.647373,469034.094655,748051.352627,282111.411843,117258.523664,18701.283816,16333.033883
1133555.493634,458916.764919,773337.527550,283388.873408,114729.191230,19333.438189,27989.607126
1111617.931549,472372.218814,756729.846778,277904.482887,118093.054703,18918.246169,3464.859277
1108957.681703,463706.663041,751657.243088,277239.420426,115926.665760,18791.431077,11580.716428
1131289.415616,469020.252869,744714.813841,282822.353904,117255.063217,18617.870346,20527.615478
1116187.358562,470068.159019,764694.848237,279046.839641,117517.039755,19117.371206,8095.956792
1112694.205133,474244.438250,755180.655041,278173.551283,118561.109562,18879.516376,3681.392707
1094797.257809,465931.306383,763034.016712,273699.314452,116482.826596,19075.850418,22024.550778
1133387.206148,464702.943128,741368.512661,283346.801537,116175.735782,18534.212817,25126.343096
1110059.021925,446650.620310,741658.579897,277514.755481,111662.655077,18541.464497,30028.804874
1145460.811403,473647.896654,760860.255128,286365.202851,118411.974163,19021.506378,30698.077868
1113042.285048,472701.122335,755349.000000,278260.571262,118175.280584,18883.725000,2645.318371
1102314.835383,466097.686839,763742.831994,275578.708846,116524.421710,19093.570800,15624.066219
1123154.694660,446822.828563,735804.492188,280788.673665,111705.707141,18395.112305,33859.825658
1109200.722255,482569.578181,756491.855926,277300.180564,120642.394545,18912.296398,12071.605619
1102515.060518,470922.519208,773107.197100,275628.765130,117730.629802,19327.679928,20508.878967
1126592.728390,464856.000000,757024.604413,281648.182098,116214.000000,18925.615110,13579.211693
1122619.448228,495014.063261,766668.451066,280654.862057,123753.515815,19166.711277,26090.622155
1115149.581071,469343.983381,757785.000000,278787.395268,117335.995845,18944.625000,2817.576768
1135357.439202,465162.755460,732669.255589,283839.359800,116290.688865,18316.731390,32359.872053
1136534.063732,449613.891940,750189.612193,284133.515933,112403.472985,18754.740305,31759.195148
1116589.045424,485113.110676,761908.336521,279147.261356,121278.277669,19047.708413,14090.645813
1135620.194690,473162.892494,778407.971297,283905.048672,118290.723124,19460.199282,29761.579129
1103241.725395,467734.967194,769053.731661,275810.431349,116933.741798,19226.343292,17472.689005
1145615.913852,473431.194573,761066.517032,286403.978463,118357.798643,19026.662926,30868.068800
1111906.897884,471104.093951,767853.698084,277976.724471,117776.023488,19196.342452,11416.393208
1111471.396510,488213.222851,755279.878411,277867.849128,122053.305713,18881.996960,16663.103263
1114452.576700,469645.916638,758095.087253,278613.144175,117411.479160,18952.377181,2721.226487
1129054.028281,491505.678883,768952.936747,282263.507070,122876.419721,19223.823419,26835.800834
1096359.011384,460898.432304,777495.088551,274089.752846,115224.608076,19437.377214,29947.278685
1133108.395820,465173.291723,737700.325068,283277.098955,116293.322931,18442.508127,27241.011363
1104200.419220,464309.136538,771945.671510,276050.104805,116077.284134,19298.641788,20080.349033
1139693.110588,450952.879883,749909.530609,284923.277647,112738.219971,18747.738265,33165.176334
1068804.000906,446215.620937,717167.007886,267201.000226,111553.905234,17929.175197,66226.809255
1119723.115173,470708.699323,758364.844836,279930.778793,117677.174831,18959.121121,5055.910955
1114883.101610,459289.259833,772933.443956,278720.775403,114822.314958,19323.336099,20460.578865
1113510.805734,470257.400682,758210.158276,278377.701434,117564.350170,18955.253957,2680.556733
1105867.869234,459993.920098,765539.948430,276466.967309,114998.480025,19138.498711,17421.871351
1118273.205737,447595.000805,742894.328094,279568.301434,111898.750201,18572.358202,28351.722438
1124922.555059,445600.891537,745215.047430,281230.638765,111400.222884,18630.376186,30536.151817
1135661.980221,461597.053253,740163.019779,283915.495055,115399.263313,18504.075494,28529.970095
1081369.668596,455157.190303,733937.948509,270342.417149,113789.297576,18348.448713,44132.781356
1097376.115526,454595.620944,779631.637309,274344.028881,113648.905236,19490.790933,33649.467096
1093644.312160,434764.056130,734983.755841,273411.078040,108691.014033,18374.593896,48250.740001
1118217.842681,456674.304424,751295.386864,279554.460670,114168.576106,18782.384672,16649.966895
1119523.028533,461162.299735,756065.054426,279880.757133,115290.574934,18901.626361,11773.958055
1119167.624145,462918.069409,756328.233232,279791.906036,115729.517352,18908.205831,10007.034324
1114380.334789,463012.419478,768381.582620,278595.083697,115753.104870,19209.539565,14595.835175
1133960.923609,459430.049236,740103.000000,283490.230902,114857.512309,18502.575000,28260.643979
1117377.859684,455244.685677,750510.381503,279344.464921,113811.171419,18762.759538,18110.799870
1104174.300185,472228.087311,771167.183007,276043.575046,118057.021828,19279.179575,17931.043910
1122688.180212,462414.617978,767182.803880,280672.045053,115603.654494,19179.570097,15995.452469
1106814.864736,457251.924926,766562.411686,276703.716184,114312.981231,19164.060292,19472.353752
1145837.876909,485810.829832,748682.275923,286459.469227,121452.707458,18717.056898,34716.199127
1118901.000000,470523.764802,758776.550690,279725.250000,117630.941200,18969.413767,4522.252438
1128909.703744,494244.651779,762933.570688,282227.425936,123561.162945,19073.339267,26865.120355
1096588.892183,459081.550830,753962.849606,274147.223046,114770.387708,18849.071240,22747.165823
1112520.617132,472452.418865,755349.000000,278130.154283,118113.104716,18883.725000,3016.628760
1145073.264093,473122.735091,761208.824359,286268.316023,118280.683773,19030.220609,30338.049619
1117861.311044,470034.469488,757464.790011,279465.327761,117508.617372,18936.619750,3478.846271
1145082.243667,459159.847328,767984.622945,286270.560917,114789.961832,19199.615574,34485.466789
1136432.926420,458818.332234,764903.279505,284108.231605,114704.583059,19122.581988,26361.418713
1138400.636481,465392.882825,753111.609864,284600.159120,116348.220706,18827.790247,24561.369297
1123702.098755,467966.081359,741467.645558,280925.524689,116991.520340,18536.691139,18163.915668
1106726.499554,458855.709527,741937.703884,276681.624888,114713.927382,18548.442597,21617.592386
1131476.784897,496107.239402,763826.157876,282869.196224,124026.809850,19095.653947,29953.434913
1131608.484724,478051.812218,768048.672506,282902.121181,119512.953055,19201.216813,20833.487911
1115544.725419,476354.663086,758365.196423,278886.181355,119088.665771,18959.129911,4591.099454
1108617.529493,483992.764567,768072.299113,277154.382373,120998.191142,19201.807478,17582.108150
1105666.203455,462613.088748,772596.991581,276416.550864,115653.272187,19314.924790,20556.671160
1123335.078599,462259.925207,767590.046579,280833.769650,115564.981302,19189.751164,16663.252275
1114166.027761,479081.145406,757106.295771,278541.506940,119770.286352,18927.657394,7115.981574
1108084.751917,471134.181218,775469.066864,277021.187979,117783.545305,19386.726672,19837.180868
1130804.148409,468456.184210,745167.712672,282701.037102,117114.046052,18629.192817,19968.068912
1098026.298781,472265.723363,774932.261795,274506.574695,118066.430841,19373.306545,24792.074991
1092757.120872,452191.651873,734439.697383,273189.280218,113047.912968,18360.992435,37364.481200
1108817.490719,447806.597010,780399.703494,277204.372680,111951.649253,19509.992587,34303.760812
1107612.140136,457434.433877,743127.574013,276903.035034,114358.608469,18578.189350,21413.945709
1100387.031971,447941.004050,734052.679991,275096.757993,111985.251012,18351.317000,36307.038010
1121778.000000,445798.427018,735337.150201,280444.500000,111449.606755,18383.428755,34622.703644
1113370.111087,470036.111307,755743.772453,278342.527772,117509.027827,18893.594311,2861.981348
1116301.031610,449081.606642,743371.371332,279075.257902,112270.401661,18584.284283,26673.187122
1116988.284992,469547.402271,766003.383355,279247.071248,117386.850568,19150.084584,9610.393983
1116286.953978,464080.411175,742654.953978,279071.738495,116020.102794,18566.373849,16373.684909
1117622.523476,459748.086997,775651.171396,279405.630869,114937.021749,19391.279285,22541.547162
1100433.076744,458276.536479,763472.785245,275108.269186,114569.134120,19086.819631,21115.838408
1097976.453296,454392.481282,778305.027985,274494.113324,113598.120320,19457.625700,32558.216201
1097954.493502,470960.904565,771373.979607,274488.623375,117740.226141,19284.349490,22419.769199
1121640.204678,471774.963426,776106.373177,280410.051169,117943.740857,19402.659329,20284.921211
1124024.013671,467041.830005,751366.650607,281006.003418,116760.457501,18784.166265,11662.557542
1146306.807084,474607.027093,761567.207660,286576.701771,118651.756773,19039.180191,31695.922781
1122732.891216,496512.456226,767387.598092,280683.222804,124128.114057,19184.689952,27715.128680
1103439.306645,456155.109135,790012.985212,275859.826661,114038.777284,19750.324630,38496.855477
1121184.977044,470655.297088,759959.906034,280296.244261,117663.824272,18998.997651,6973.501283
1113761.175149,466702.575253,775596.049995,278440.293787,116675.643813,19389.901250,19462.768322
1114393.563615,480420.731954,756732.560899,278598.390904,120105.182988,18918.314022,8425.222749
1128533.523979,467253.898291,747042.941136,282133.380995,116813.474573,18676.073528,17373.716082
1111219.416209,489976.413882,760494.000000,277804.854052,122494.103470,19012.350000,18703.281103
1149248.984426,465511.260322,751040.713964,287312.246106,116377.815081,18776.017849,35296.861595
1109114.287494,456420.697839,768138.000000,277278.571874,114105.174460,19203.450000,20116.114425
1106516.249682,458696.480444,742133.453305,276629.062421,114674.120111,18553.336333,21662.419306
1113473.521065,474391.428637,757460.563010,278368.380266,118597.857159,18936.514075,2900.662361
1132418.680090,497111.778599,764030.307373,283104.670023,124277.944650,19100.757684,31325.339271
1116352.646319,463678.035660,742729.641995,279088.161580,115919.508915,18568.241050,16513.398063
1121035.380098,451021.796286,752397.099821,280258.845024,112755.449072,18809.927496,22299.200752
1080372.155751,432494.907789,731899.452302,270093.038938,108123.726947,18297.486308,58239.363636
1119534.829153,469175.240655,774673.174920,279883.707288,117293.810164,19366.829373,18528.754559
1134164.774595,466190.777335,734317.600438,283541.193649,116547.694334,18357.940011,30164.339292
1112995.129888,472496.536912,757828.191873,278248.782472,118124.134228,18945.704797,2304.732563
1110177.728592,467642.493269,752135.670894,277544.432148,116910.623317,18803.391772,8119.358369
1124211.837738,465617.540009,756777.000000,281052.959434,116404.385002,18919.425000,11172.256379
1095630.706926,471949.425402,770091.580020,273907.676731,117987.356350,19252.289500,23473.250967
1098622.275783,491906.826252,770539.834750,274655.568946,122976.706563,19263.495869,29172.340595
1157034.576572,456343.800071,782907.819077,289258.644143,114085.950018,19572.695477,51798.653347
1118749.862720,463352.875644,757024.862720,279687.465680,115838.218911,18925.621568,9424.143499
1116422.220878,463928.354035,742875.989420,279105.555219,115982.088509,18571.899736,16267.432572
1108690.084076,477476.649881,767421.574089,277172.521019,119369.162470,19185.539352,13438.388220
1112259.117839,454518.897898,777634.178551,278064.779460,113629.724474,19440.854464,27264.459165
1123637.895567,462632.907392,767655.420507,280909.473892,115658.226848,19191.385513,16643.982883
1114374.594135,459249.488757,772812.144550,278593.648534,114812.372189,19320.303614,20401.425859
1134310.567945,465210.684138,761423.594653,283577.641986,116302.671035,19035.589866,20911.432377
1106151.227421,483804.590203,767034.788832,276537.806855,120951.147551,19175.869721,17901.326418
1113954.979380,472023.291006,758759.251092,278488.744845,118005.822751,18968.981277,2145.673706
1108396.648178,486710.061383,759588.823170,277099.162045,121677.515346,18989.720579,16346.353524
1132005.000000,490216.655185,768593.188630,283001.250000,122554.163796,19214.829716,27465.779808
1113613.952651,466086.506425,776161.217363,278403.488163,116521.626606,19404.030434,20188.346354
1109782.898323,476313.916726,768306.000000,277445.724581,119078.479181,19207.650000,13262.435056
1128120.854011,474874.879391,752536.427283,282030.213503,118718.719848,18813.410682,14068.728819
1129483.514189,467758.457434,748293.269219,282370.878547,116939.614359,18707.331730,17339.351167
1133398.749455,497895.592122,764009.152185,283349.687364,124473.898031,19100.228805,32494.693247
1097980.339813,471531.212809,774105.267963,274495.084953,117882.803202,19352.631699,24234.088930
1115875.365775,471281.890843,756054.261575,278968.841444,117820.472711,18901.356539,1401.802543
1125973.486535,453109.511835,733689.001630,281493.371634,113277.377959,18342.225041,31883.245383
1115518.990790,468618.459641,774900.000000,278879.747698,117154.614910,19372.500000,18305.430279
1117720.207714,456270.030891,750957.207847,279430.051929,114067.507723,18773.930196,17053.420127
1116096.398993,470974.330586,765022.499343,279024.099748,117743.582646,19125.562484,8235.679957
1136421.417804,451276.986099,767735.964185,284105.354451,112819.246525,19193.399105,31681.758752
1139382.915039,450010.889866,765857.528140,284845.728760,112502.722466,19146.438204,34000.891504
1116309.183620,470649.529992,756336.000000,279077.295905,117662.382498,18908.400000,1946.967775
1108543.668098,441348.441435,770973.210479,277135.917024,110337.110359,19274.330262,34364.883232
1102442.625441,447207.103384,735088.353065,275610.656360,111801.775846,18377.208827,35379.334453
1137508.485815,467301.667754,777978.818062,284377.121454,116825.416938,19449.470452,31140.147004
1100652.490083,456147.792222,782699.120546,275163.122521,114036.948055,19567.478014,33528.993000
1123910.150109,469579.413032,747137.722589,280977.537527,117394.853258,18678.443065,13416.188495
1123681.187147,447383.795300,736069.942368,280920.296787,111845.948825,18401.748559,33409.421706
1100480.027239,466185.939834,772698.431549,275120.006810,116546.484958,19317.460789,22262.467392
1115501.660120,468536.423495,774845.068725,278875.415030,117134.105874,19371.126718,18266.536134
1118831.155356,461356.890689,758225.619072,279707.788839,115339.222672,18955.640477,11389.182365
1114717.758505,467461.544758,766372.971625,278679.439626,116865.386190,19159.324291,10501.990269
1122140.666601,469179.543386,773868.017742,280535.166650,117294.885847,19346.700444,18586.610189
1130514.000000,478856.262536,766965.250053,282628.500000,119714.065634,19174.131251,19657.389857
1134940.179857,464562.000000,732130.393458,283735.044964,116140.500000,18303.259836,32640.888279
1126500.092826,469988.295880,757071.165342,281625.023206,117497.073970,18926.779134,11620.785950
1071488.369867,441905.399714,721492.112693,267872.092467,110476.349928,18037.302817,63724.031846
1119608.602849,466120.431074,746588.998032,279902.150712,116530.107769,18664.724951,12738.583736
1124247.407161,468640.981371,741928.789356,281061.851790,117160.245343,18548.219734,17905.017787
1146358.837051,473469.666659,751560.962881,286589.709263,118367.416665,18789.024072,31787.205471
1136265.322687,455974.248812,764352.245678,284066.330672,113993.562203,19108.806142,27613.375369
1118813.144882,471913.919731,757276.949559,279703.286220,117978.479933,18931.923739,3771.687574
1140104.819986,462945.000000,759428.394242,285026.204996,115736.250000,18985.709856,26757.490368
1138374.708143,479431.928292,770072.454653,284593.677036,119857.982073,19251.811366,27774.810184
1125802.365421,448379.984069,736694.537820,281450.591355,112094.996017,18417.363446,32916.670922
1113956.501014,472968.799304,758838.225239,278489.125254,118242.199826,18970.955631,2406.230206
1114937.705956,486852.269686,767032.487821,278734.426489,121713.067421,19175.812196,17948.675373
1136194.677245,455972.775721,764263.147492,284048.669311,113993.193930,19106.578687,27536.125330
1116301.903978,469761.680583,764189.702292,279075.475994,117440.420146,19104.742557,7714.206768
1129846.917601,457114.984759,753911.599973,282461.729400,114278.746190,18847.789999,21212.782428
1126687.087883,473747.837714,769018.428967,281671.771971,118436.959428,19225.460724,16868.099258
1119964.229384,465159.038412,758243.739394,279991.057346,116289.759603,18956.093485,8539.991185
1119213.740490,470081.769706,758016.000000,279803.435122,117520.442427,18950.400000,4714.555607
1124891.575623,487002.563592,761596.680465,281222.893906,121750.640898,19039.917012,18517.251056
1119181.622505,471015.071866,759188.364132,279795.405626,117753.767966,18979.709103,4811.567717
1124021.219577,476590.213646,771843.296742,281005.304894,119147.553412,19296.082419,17996.070377
1131011.442546,477971.713531,767685.419010,282752.860637,119492.928383,19192.135475,20142.444291
1138143.933503,464083.935658,752377.994331,284535.983376,116020.983915,18809.449858,24830.272315
1104902.293162,456725.368595,773346.000000,276225.573291,114181.342149,19333.650000,24638.194071
1119002.130166,474059.890645,758857.580196,279750.532542,118514.972661,18971.439505,4841.431398
1129178.737387,468087.663604,779387.599008,282294.684347,117021.915901,19484.689975,26825.854969
1121676.905642,471134.283967,776779.487741,280419.226410,117783.570992,19419.487194,20951.713253
1125917.965648,489648.799940,761859.000000,281479.491412,122412.199985,19046.475000,21281.980921
1106951.774303,469143.417089,773844.884103,276737.943576,117285.854272,19346.122103,18986.647512
1138923.799584,478649.243080,770452.023018,284730.949896,119662.310770,19261.300575,28222.161919
1102921.107849,490005.994091,767193.004327,275730.276962,122501.498523,19179.825108,24004.987649
1077915.390782,448290.157738,714394.441695,269478.847696,112072.539435,17859.861042,61249.003025
1112939.727009,469624.792900,757533.000000,278234.931752,117406.198225,18938.325000,3259.987924
1137047.146139,480171.391481,768881.872059,284261.786535,120042.847870,19222.046801,26323.012108
1113312.838309,475114.318478,755931.351376,278328.209577,118778.579620,18898.283784,3685.114431
1116980.336689,474478.409029,756213.051404,279245.084172,118619.602257,18905.326285,3195.558323
1098050.860178,497286.348304,767340.000000,274512.715044,124321.587076,19183.500000,32188.095305
1128018.324471,464431.459108,754751.109194,282004.581118,116107.864777,18868.777730,15174.614908
1075405.313309,431222.713808,722492.527705,268851.328327,107805.678452,18062.313193,66501.804337
1109159.046906,455463.955278,744349.706119,277289.761727,113865.988820,18608.742653,21611.770331
1143671.231358,475155.907985,753179.592148,285917.807840,118788.976996,18829.489804,29024.163353
1132982.947226,453069.905917,751380.939463,283245.736807,113267.476479,18784.523487,26667.787899
1120295.392612,457843.616861,752298.396396,280073.848153,114460.904215,18807.459910,15806.701796
1105963.177448,463771.058620,771698.295481,276490.794362,115942.764655,19292.457387,19216.171297
1130596.234956,478906.476153,766909.130962,282649.058739,119726.619038,19172.728274,19711.058114
1116100.704949,469084.172217,765922.309420,279025.176237,117271.043054,19148.057736,9527.183691
1133434.652584,466133.657372,737725.770032,283358.663146,116533.414343,18443.144251,27216.584244
1120294.250446,463827.000000,754519.458860,280073.562612,115956.750000,18862.986471,10017.523871
1119841.403211,445207.939140,758166.632947,279960.350803,111301.984785,18954.165824,27267.508695
1109967.792692,457185.743024,769830.512586,277491.948173,114296.435756,19245.762815,20317.130225
1107196.602369,471601.510564,775368.204739,276799.150592,117900.377641,19384.205118,20058.608569
1129058.668275,464126.705781,750923.529085,282264.667069,116031.676445,18773.088227,17154.813694
1135524.517594,465632.006132,734393.057964,283881.129399,116408.001533,18359.826449,31098.507737
1127576.515753,473053.289889,769909.746891,281894.128938,118263.322472,19247.743672,18068.096982
1105741.586762,486464.509705,768093.595778,276435.396690,121616.127426,19202.339894,20499.033841
1130493.140644,467213.258239,746770.809551,282623.285161,116803.314560,18669.270239,19087.460104
1101022.549972,472281.327116,772589.985665,275255.637493,118070.331779,19314.749642,21039.597698
1102845.406614,468379.317931,770135.229249,275711.351653,117094.829483,19253.380731,18360.890040
1103582.716774,467250.459972,768809.310042,275895.679194,116812.614993,19220.232751,17200.883928
1142471.729809,465882.718122,774288.338944,285617.932452,116470.679530,19357.208474,33026.920412
1130083.872599,455981.008741,753084.747189,282520.968150,113995.252185,18827.118680,22311.510046
1095213.465357,464747.434779,762933.498438,273803.366339,116186.858695,19073.337461,21977.158648
1130576.247750,463191.279477,775298.997235,282644.061937,115797.819869,19382.474931,25623.396251
1076776.256596,466652.097801,733051.503651,269194.064149,116663.024450,18326.287591,45433.549940
1114957.753026,476462.282878,758062.517892,278739.438257,119115.570719,18951.562947,4584.120033
1106749.850407,481782.645722,766679.809552,276687.462602,120445.661431,19166.995239,16110.358006
1103288.508141,466089.003114,763694.335063,275822.127035,116522.250778,19092.358377,14821.734857
1132818.629242,495499.459265,763342.463748,283204.657310,123874.864816,19083.561594,30128.294689
1119185.062035,470704.853765,759086.195767,279796.265509,117676.213441,18977.154894,4842.384504
1111944.514758,470615.027295,755506.970483,277986.128690,117653.756824,18887.674262,3699.743882
1140581.369233,481190.143420,768634.258564,285145.342308,120297.535855,19215.856464,29539.504505
1098341.365384,472338.508030,775125.537555,274585.341346,118084.627008,19378.138439,24719.491427
1100130.485929,463573.056569,774709.514451,275032.621482,115893.264142,19367.737861,24713.875853
1129534.683719,461820.583649,752079.154918,282383.670930,115455.145912,18801.978873,18359.192659
1119105.014118,464255.345744,782331.327750,279776.253529,116063.836436,19558.283194,26878.424548
1113201.073168,455896.811361,776896.115471,278300.268292,113974.202840,19422.402887,25740.765561
1137496.827895,481053.071871,766274.942420,284374.206974,120263.267968,19156.873560,25931.647316
1119280.609461,456787.244046,753942.000000,279820.152365,114196.811012,18848.550000,16088.528839
1126771.514143,492194.986998,761689.410199,281692.878536,123048.746749,19042.235255,23807.048403
1146262.909861,474790.090139,752496.609638,286565.727465,118697.522535,18812.415241,31636.043064
1120815.730634,458414.648496,755332.364323,280203.932658,114603.662124,18883.309108,14861.476055
1093244.637278,463043.787564,761548.486963,273311.159320,115760.946891,19038.712174,24041.155497
1146963.793615,460013.256822,768536.292581,286740.948404,115003.314205,19213.407315,36014.556113
1115041.090858,450454.839840,767379.767325,278760.272714,112613.709960,19184.494183,23971.561485
1128324.715014,463925.318150,753581.449481,282081.178754,115981.329538,18839.536237,15896.138892
1137583.353379,477732.566263,768473.186801,284395.838345,119433.141566,19211.829670,25949.283255
1113798.725113,472822.154302,758416.275451,278449.681278,118205.538575,18960.406886,2113.458032
1136737.114238,447242.079015,749868.000000,284184.278560,111810.519754,18746.700000,33671.524964
1135301.276764,465112.269913,756842.485929,283825.319191,116278.067478,18921.062148,21388.952902
1124095.225831,469091.383423,748377.609254,281023.806458,117272.845856,18709.440231,12775.288077
1125876.409785,469572.834039,757260.000000,281469.102446,117393.208510,18931.500000,11095.879199
1128061.020361,475073.678360,752757.267272,282015.255090,118768.419590,18818.931682,13987.687882
1119632.706994,461124.861674,755667.798881,279908.176749,115281.215418,18891.694972,11885.658297
1116076.161983,469105.222482,757353.999185,279019.040496,117276.305621,18933.849980,3120.929776
1116221.583169,475195.877155,756503.904339,279055.395792,118798.969289,18912.597608,3403.412368
1128482.442173,457538.689503,755686.734880,282120.610543,114384.672376,18892.168372,19786.538781
1112313.323014,473163.216584,755349.000000,278078.330753,118290.804146,18883.725000,3363.047709
1129555.860998,490327.982748,770660.860011,282388.965250,122581.995687,19266.521500,27092.009973
1112778.138856,489527.430481,755922.701253,278194.534714,122381.857620,18898.067531,17679.693823
1119387.672696,445764.896928,742231.968953,279846.918174,111441.224232,18555.799224,30397.491692
1121898.267082,476216.941525,759532.616761,280474.566770,119054.235381,18988.315419,8436.137840
1104820.824217,457603.101221,775472.056025,276205.206054,114400.775305,19386.801401,25631.656697
1111406.044518,451707.381906,770386.644215,277851.511130,112926.845476,19259.666105,24646.842959
1117777.771327,468193.851608,758226.000000,279444.442832,117048.462902,18955.650000,4874.623441
1112005.444333,468636.045773,755802.157655,278001.361083,117159.011443,18895.053941,4696.606826
1109378.074433,466540.075180,766196.458135,277344.518608,116635.018795,19154.911453,12182.380109
1117538.035623,470257.809195,759518.698336,279384.508906,117564.452299,18987.967458,4001.665097
1121990.360814,477024.443258,759806.674008,280497.590204,119256.110814,18995.166850,9020.378075
1114422.455216,478022.466309,757665.078475,278605.613804,119505.616577,18941.626962,6078.092081
1135710.012711,494287.456855,764258.693982,283927.503178,123571.864214,19106.467350,31240.053865
1122064.792108,465986.134770,757428.000000,280516.198027,116496.533693,18935.700000,9261.802903
1116844.650734,464754.451624,743814.198250,279211.162683,116188.612906,18595.354956,15092.824499
1142879.824031,483394.206745,768264.000000,285719.956008,120848.551686,19206.600000,32123.364496
1138055.528209,450874.850205,765588.772211,284513.882052,112718.712551,19139.719305,32422.653597
1123065.025807,462942.013026,767130.000000,280766.256452,115735.503256,19178.250000,15836.888127
1137419.918061,466474.486104,755246.788411,284354.979515,116618.621526,18881.169710,23098.975674
1128071.579606,493174.449109,762059.250779,282017.894901,123293.612277,19051.481269,25358.521248
1129568.445906,462761.168481,751511.608566,282392.111477,115690.292120,18787.790214,18042.886362
1145870.320624,463265.897647,748903.258028,286467.580156,115816.474412,18722.581451,33018.909213
1117114.079409,448664.780737,765040.940620,279278.519852,112166.195184,19126.023516,24815.761994
1110897.495756,450330.176501,742753.633667,277724.373939,112582.544125,18568.840842,26241.843583
1115688.339897,470907.855666,756046.535461,278922.084974,117726.963917,18901.163387,1550.332061
1108863.175370,472592.610070,778804.121147,277215.793842,118148.152517,19470.103029,22751.674912
1137108.684514,448658.421447,750087.969587,284277.171128,112164.605362,18752.199240,32844.655417
1108323.549566,456851.204968,743685.092446,277080.887391,114212.801242,18592.127311,21231.020971
1145530.784877,473182.553073,761055.485921,286382.696219,118295.638268,19026.387148,30771.955090
1120206.921842,464657.818832,758331.000000,280051.730461,116164.454708,18958.275000,9096.282233
1122060.604525,472037.317519,775681.758416,280515.151131,118009.329380,19392.043960,20025.289509
1109150.243231,446997.495961,781179.000000,277287.560808,111749.373990,19529.475000,35351.806325
1114700.959996,470585.329748,776912.409756,278675.239999,117646.332437,19422.810244,20047.322257
1126217.741005,465387.987606,756431.777416,281554.435251,116346.996902,18910.794435,12991.158767
1113989.156860,459060.451581,773181.577285,278497.289215,114765.112895,19329.539432,20824.005100
1146682.022534,473309.247165,751477.466199,286670.505633,118327.311791,18786.936655,32112.697544
1111660.024779,470833.060810,755596.755853,277915.006195,117708.265202,18889.918896,3837.856528
1130450.747358,471179.275550,743452.616280,282612.686839,117794.818887,18586.315407,20468.490123
1123660.688471,467931.932567,741398.651522,280915.172118,116982.983142,18534.966288,18210.686879
1130439.553442,465396.892615,762216.000000,282609.888361,116349.223154,19055.400000,17564.077897
1156798.469510,455914.816594,782586.000000,289199.617378,113978.704149,19564.650000,51578.572906
1117715.569261,448537.909019,743011.521719,279428.892315,112134.477255,18575.288043,27424.337471
1101193.196913,472021.698768,771518.950949,275298.299228,118005.424692,19287.973774,20134.984529
1120253.948526,471702.031429,774973.492143,280063.487131,117925.507857,19374.337304,18788.542881
1134651.000000,452670.987811,751525.495142,283662.750000,113167.746953,18788.137379,28061.486854
1140096.451565,465529.606734,775394.705051,285024.112891,116382.401684,19384.867626,31785.464879
1099481.723560,495398.965738,767888.792866,274870.430890,123849.741435,19197.219822,30156.029862
1115204.530562,473436.432188,755388.219663,278801.132641,118359.108047,18884.705492,2088.589182
1113135.375417,465204.184474,767956.631386,278283.843854,116301.046118,19198.915785,13115.688924
1116115.588480,470373.909739,764182.411520,279028.897120,117593.477435,19104.560288,7521.946955
1119627.720716,468668.037391,758583.000000,279906.930179,117167.009348,18964.575000,5906.955778
1116391.173344,473391.009003,760028.696214,279097.793336,118347.752251,19000.717405,3647.564700
1114445.456465,469919.042179,755825.457550,278611.364116,117479.760545,18895.636439,2450.823200
1110970.795007,468272.509625,753321.573041,277742.698752,117068.127406,18833.039326,6613.921234
1149056.272407,474347.272407,751346.062550,287264.068102,118586.818102,18783.651564,34528.436266
1133550.741822,473619.477894,771324.637626,283387.685455,118404.869474,19283.115941,23493.545240
1146184.844258,492706.638077,748924.071240,286546.211065,123176.659519,18723.101781,38215.995665
1107309.352359,469609.145497,773888.919762,276827.338090,117402.286374,19347.222994,18810.855882
1126885.897754,485640.464936,764975.492124,281721.474439,121410.116234,19124.387303,19752.238567
1128292.817850,494137.179700,762458.300072,282073.204462,123534.294925,19061.457502,26358.546097
1118430.320501,468840.754234,759777.647400,279607.580125,117210.188558,18994.441185,5445.940006
1124671.325400,478259.769253,758506.112123,281167.831350,119564.942313,18962.652803,11566.250290
1120926.939132,462342.032039,764458.531744,280231.734783,115585.508010,19111.463294,13601.137424
1131562.540744,479299.192108,780696.000000,282890.635186,119824.798027,19517.400000,29842.259419
1123046.903858,453860.789064,747373.735270,280761.725964,113465.197266,18684.343382,22018.720105
1141860.381257,456857.871234,765600.895374,285465.095314,114214.467808,19140.022384,31994.215754
1117820.164809,471174.259628,763453.081643,279455.041202,117793.564907,19086.327041,7142.949267
1115427.198870,471051.705079,759034.024769,278856.799718,117762.926270,18975.850619,2355.693772
1084518.465722,473142.451672,746034.181185,271129.616430,118285.612918,18650.854530,32442.831280
1118084.073761,446172.991098,741571.305639,279521.018440,111543.247775,18539.282641,30215.924641
1133560.713049,475129.474318,772314.170439,283390.178262,118782.368579,19307.854261,24267.279155
1122712.103964,473459.558290,766864.489161,280678.025991,118364.889572,19171.612229,12629.662995
1093891.639665,473261.000994,769000.639665,273472.909916,118315.250248,19225.015992,24404.333743
1087586.638399,460167.003413,733852.613463,271896.659600,115041.750853,18346.315337,37781.983635
1126664.092465,458913.696447,740479.096864,281666.023116,114728.424112,18511.977422,24017.458590
1118541.939808,465962.757161,745721.232323,279635.484952,116490.689290,18643.030808,13201.324443
1123464.343101,462704.885633,767642.683536,280866.085775,115676.221408,19191.067088,16506.205432
1108489.609000,466447.013893,765813.872274,277122.402250,116611.753473,19145.346807,12384.416658
1121983.652388,472971.662268,774484.347612,280495.913097,118242.915567,19362.108690,18903.474104
1118810.958861,469639.408200,760567.852729,279702.739715,117409.852050,19014.196318,5750.026083
1093067.524733,455296.308127,760003.800813,273266.881183,113824.077032,19000.095020,27802.778121
1106979.786020,481033.174682,767142.009670,276744.946505,120258.293671,19178.550242,15841.230007
1124905.529164,478772.253571,774140.294312,281226.382291,119693.063393,19353.507358,20952.610982
1066068.819482,442415.951823,719404.751555,266517.204870,110603.987956,17985.118789,68440.968369
1137775.739025,466459.773488,775677.155396,284443.934756,116614.943372,19391.928885,29979.931532
1135186.439903,451016.420892,769103.420892,283796.609976,112754.105223,19227.585522,31540.889458
1119202.645805,449876.519430,751132.619162,279800.661451,112469.129857,18778.315479,23262.978890
1107622.694154,471738.600242,769241.636351,276905.673538,117934.650061,19231.040909,14395.057959
1140880.590639,470428.409361,757485.057304,285220.147660,117607.102340,18937.126433,25876.013993
1120255.652671,446402.487802,742443.918323,280063.913168,111600.621951,18561.097958,29883.333728
1099492.496874,494850.333703,768190.163171,274873.124219,123712.583426,19204.754079,29839.658875
1120650.529378,464000.054872,754527.252275,280162.632344,116000.013718,18863.181307,10067.917154
1149195.545102,471114.673302,751595.761690,287298.886276,117778.668325,18789.894042,34560.234780
1143736.203608,486820.944345,763909.438493,285934.050902,121705.236086,19097.735962,33017.063252
1132812.920175,473581.034031,784696.260414,283203.230044,118395.258508,19617.406510,33001.684386
1115426.140888,464732.468827,742225.719830,278856.535222,116183.117207,18555.642996,16407.996701
1123563.541370,468639.783760,742748.601783,280890.885343,117159.945940,18568.715045,16869.844778
1094008.596401,463030.363509,741214.911491,273502.149100,115757.590877,18530.372787,27761.428204
1062644.300277,447005.714752,728357.801828,265661.075069,111751.428688,18208.945046,64723.406420
1060222.657801,434193.054194,740441.676842,265055.664450,108548.263548,18511.041921,68628.344684
1140017.391716,470011.125168,756966.516883,285004.347929,117502.781292,18924.162922,25038.474997
1131526.325517,477703.483051,781689.714243,282881.581379,119425.870763,19542.242856,30280.937031
1114552.100855,472461.744645,755416.028784,278638.025214,118115.436161,18885.400720,1646.666735
1129018.549917,457173.749590,755793.516093,282254.637479,114293.437398,18894.837902,20411.761781
1127027.927842,485515.036875,776460.696478,281756.981960,121378.759219,19411.517412,26590.941910
1124560.054501,480223.980342,760940.641224,281140.013625,120055.995086,19023.516031,13177.870427
1106196.877083,468085.483458,753340.896402,276549.219271,117021.370865,18833.522410,10338.125699
1133979.465657,480415.674758,767621.882768,283494.866414,120103.918689,19190.547069,23300.143363
1132449.066460,476996.126533,781792.417052,283112.266615,119249.031633,19544.810426,30752.866609
1133784.757223,498150.295249,764022.000000,283446.189306,124537.573812,19100.550000,32918.660977
1117733.385251,469340.462051,758883.803544,279433.346313,117335.115513,18972.095089,4266.718761
1120082.475740,463791.798553,771519.688869,280020.618935,115947.949638,19287.992222,17497.008838
1124933.125243,469687.617260,757617.000000,281233.281311,117421.904315,18940.425000,10169.714616
1117851.676763,474695.522652,757375.162587,279462.919191,118673.880663,18934.379065,3890.715283
1126408.885570,465728.097026,757386.000000,281602.221392,116432.024257,18934.650000,12986.637514
1141201.857903,481698.660971,768124.720920,285300.464476,120424.665243,19203.118023,30042.329644
1119612.422548,447927.729236,742785.840072,279903.105637,111981.932309,18569.646002,28304.227469
1112125.160319,491272.855767,761073.613003,278031.290080,122818.213942,19026.840325,19909.400626
1117051.173730,469644.078006,757345.010643,279262.793432,117411.019502,18933.625266,3132.001846
1139970.468354,457041.430466,766076.891297,284992.617089,114260.357616,19151.922282,30477.163282
1114402.600506,478476.523053,758082.934000,278600.650126,119619.130763,18952.073350,6589.358340
1125711.956312,482622.995200,773324.782934,281427.989078,120655.748800,19333.119573,22246.792480
1148070.515809,467824.172012,750048.806392,287017.628952,116956.043003,18751.220160,33978.611077
1132793.283942,498169.590044,763854.587475,283198.320985,124542.397511,19096.364687,32344.238151
1139952.660542,462997.744856,759277.072029,284988.165136,115749.436214,18981.926801,26583.333488
1130021.661307,465503.063867,749397.517493,282505.415327,116375.765967,18734.937937,17971.134082
1105239.722112,461161.972503,741550.924799,276309.930528,115290.493126,18538.773120,21228.046817
1122854.930000,472822.316555,771244.153783,280713.732500,118205.579139,19281.103845,16327.266294
1098762.105608,491520.989077,770844.669753,274690.526402,122880.247269,19271.116744,28976.721215
1081897.481391,447853.343798,769617.354675,270474.370348,111963.335950,19240.433867,42955.745570
1106716.000127,470930.803570,779203.102405,276679.000032,117732.700892,19480.077560,23819.195307
1117213.394156,469215.104281,759469.498437,279303.348539,117303.776070,18986.737461,4361.988518
1108308.979010,481432.564116,767830.521493,277077.244752,120358.141029,19195.763037,15910.274742
1057514.304518,455715.710416,717800.473467,264378.576129,113928.927604,17945.011837,71468.907463
1113637.348077,473291.743837,758138.519729,278409.337019,118322.935959,18953.462993,2261.836259
1124296.234715,469504.330005,746174.755301,281074.058679,117376.082501,18654.368883,14391.561841
1125465.360515,448558.385193,746729.683118,281366.340129,112139.596298,18668.242078,27617.913822
1149463.028015,463371.364386,751574.970854,287365.757004,115842.841096,18789.374271,35874.862734
1128659.565878,494153.036641,763022.324767,282164.891469,123538.259160,19075.558119,26681.094848
1112283.438973,473220.862666,755349.000000,278070.859743,118305.215666,18883.725000,3407.317475
1061351.655529,454096.002427,752938.055328,265337.913882,113524.000607,18823.451383,56761.388691
1149523.200728,469738.568428,751479.637400,287380.800182,117434.642107,18786.990935,34964.738625
1114351.758426,464744.789820,767647.636784,278587.939607,116186.197455,19191.190920,12983.477883
1111879.759187,462001.379128,774816.000000,277969.939797,115500.344782,19370.400000,20756.533352
1141034.037842,474080.592118,754946.967684,285258.509460,118520.148030,18873.674192,26129.926702
1111444.440885,469874.029328,756573.352529,277861.110221,117468.507332,18914.333813,4220.758945
1118436.136103,464018.229585,782621.175492,279609.034026,116004.557396,19565.529387,27130.076974
1148396.220134,462730.397304,775952.183121,287099.055033,115682.599326,19398.804578,39495.551879
1113349.266659,471903.619663,755370.000000,278337.316665,117975.904916,18884.250000,2311.622804
1150162.387958,474448.129010,750771.909769,287540.596989,118612.032252,18769.297744,35719.085309
1119219.043237,457500.318538,752006.702220,279804.760809,114375.079635,18800.167555,15886.329309
1132663.989682,447759.506977,771627.977546,283165.997421,111939.876744,19290.699439,33391.476126
1144683.716107,460871.051620,748335.000000,286170.929027,115217.762905,18708.375000,32797.180344
1105260.032067,464963.373374,741156.805270,276315.008017,116240.843343,18528.920132,19858.754441
1116702.519089,473488.507915,756052.340783,279175.629772,118372.126979,18901.308520,2365.477733
1117674.516688,469548.633049,758095.855059,279418.629172,117387.158262,18952.396376,3787.581574
1124639.212079,469185.198717,743819.475361,281159.803020,117296.299679,18595.486884,16475.552877
1137628.393062,466081.913482,774906.010302,284407.098266,116520.478371,19372.650258,29464.170176
1115737.476905,469137.985197,756456.244964,278934.369226,117284.496299,18911.406124,3000.520810
1145494.202607,487658.316301,763769.322746,286373.550652,121914.579075,19094.233069,34893.921485
1119230.777879,470718.612334,759022.813354,279807.694470,117679.653083,18975.570334,4849.871037
1130524.686444,497343.366548,762254.808627,282631.171611,124335.841637,19056.370216,30144.436175
1118047.291574,461011.653569,757463.424250,279511.822893,115252.913392,18936.585606,11423.265504
1113343.041940,472900.679162,755265.000000,278335.760485,118225.169791,18881.625000,2540.774751
1132211.428007,497457.015171,763754.809336,283052.857002,124364.253793,19093.870233,31428.082379
1112794.275573,449136.305079,748611.315289,278198.568893,112284.076270,18715.282882,24454.331469
1118727.590457,461580.618984,758289.618984,279681.897614,115395.154746,18957.240475,11153.084012
1113748.077270,468799.848934,757407.334492,278437.019318,117199.962233,18935.183362,3514.795336
1099732.593568,494956.228278,768490.395520,274933.148392,123739.057069,19212.259888,29911.378006
1134448.902697,460610.432802,763644.496026,283612.225674,115152.608200,19091.112401,23482.289300
1118579.295504,471676.924044,761195.595168,279644.823876,117919.231011,19029.889879,5548.568879
1135884.089652,465269.981341,756055.437208,283971.022413,116317.495335,18901.385930,21909.060836
1121877.728354,468590.453696,760018.979772,280469.432088,117147.613424,19000.474494,8238.588214
1108601.794760,441034.725835,771024.264150,277150.448690,110258.681459,19275.606604,34655.068827
1136986.866814,481903.553410,766242.802877,284246.716704,120475.888353,19156.070072,25793.559610
1138027.546556,482791.902585,766458.000000,284506.886639,120697.975646,19161.450000,27100.357284
1105884.461842,464506.630567,770921.064743,276471.115460,116126.657642,19273.026619,18350.235902
1071844.795002,446978.912858,729590.639840,267961.198751,111744.728215,18239.765996,56935.966310
1106273.482553,464837.471667,771380.840518,276568.370638,116209.367917,19284.521013,18383.824053
1132581.243488,457711.450584,752262.000000,283145.310872,114427.862646,18806.550000,23098.484976
1102517.898175,486816.107573,767525.702328,275629.474544,121704.026893,19188.142558,22104.110173
1098701.455871,496111.173179,767913.013191,274675.363968,124027.793295,19197.825330,31122.985345
1140694.969022,476445.450625,754731.748481,285173.742256,119111.362656,18868.293712,26105.350162
1116498.798685,454004.229716,749697.028401,279124.699671,113501.057429,18742.425710,19466.730118
1078480.665281,458217.905420,742675.502658,269620.166320,114554.476355,18566.887566,41612.037688
1133893.015882,464650.498045,762867.000000,283473.253970,116162.624511,19071.675000,21081.219777
1129446.281951,457888.025046,753711.743094,282361.570488,114472.006261,18842.793577,20422.629817
1115350.203672,471900.085315,759562.031358,278837.550918,117975.021329,18989.050784,2660.808659
1128913.111323,460757.927189,753685.111323,282228.277831,115189.481797,18842.127783,18146.558756
1119974.745776,471345.000000,764097.549208,279993.686444,117836.250000,19102.438730,8725.421461
1124406.365514,477939.000000,772593.603012,281101.591378,119484.750000,19314.840075,19183.420047
1124974.225224,469214.996798,757332.336597,281243.556306,117303.749200,18933.308415,10312.729136
1123257.360930,453979.632116,747531.018959,280814.340232,113494.908029,18688.275474,21930.547269
1147039.924358,465450.017490,749789.378208,286759.981090,116362.504373,18744.734455,33418.237164
1107373.613934,457722.340356,743456.233475,276843.403484,114430.585089,18586.405837,21092.439602
1122364.788660,476406.000000,760118.964340,280591.197165,119101.500000,19002.974108,9099.188657
1105165.235650,458943.598195,774100.775218,276291.308913,114735.899549,19352.519380,23752.522182
1119098.338061,463642.719710,757814.338061,279774.584515,115910.679928,18945.358452,9346.329448
1097114.207279,471013.938448,774466.641302,274278.551820,117753.484612,19361.666033,25118.843956
1108970.631110,471066.737780,768421.859045,277242.657777,117766.684445,19210.546476,13049.502899
1132557.065381,466601.475898,774698.270021,283139.266345,116650.368974,19367.456751,25526.808448
1125862.517666,483232.660938,774342.092640,281465.629416,120808.165235,19358.552316,23363.599464
1129610.758093,464250.594982,750841.510411,282402.689523,116062.648746,18771.037760,17581.195134
1135488.686740,456392.290535,770754.238893,283872.171685,114098.072634,19268.855972,29207.323542
1133746.837360,466912.705899,758697.012125,283436.709340,116728.176475,18967.425303,19454.587891
1117241.973613,448751.719862,765814.909735,279310.493403,112187.929966,19145.372743,25009.587179
1133847.566841,498142.090583,764007.906396,283461.891710,124535.522646,19100.197660,32944.889446
1123523.593356,477142.667917,759849.547424,280880.898339,119285.666979,18996.238686,10315.785082
1135287.561945,461249.181203,740861.406342,283821.890486,115312.295301,18521.535159,27984.449478
1132113.068620,461481.948434,774577.684450,283028.267155,115370.487109,19364.442111,26715.834644
1103402.289310,471760.840937,771902.879034,275850.572328,117940.210234,19297.571976,18985.735049
1118890.987208,471836.240641,757497.734089,279722.746802,117959.060160,18937.443352,3878.852053
1102621.328037,460438.340878,768958.977366,275655.332009,115109.585220,19223.974434,20829.907189
1118868.494960,464233.627475,757594.132514,279717.123740,116058.406869,18939.853313,8697.642933
1102554.458582,454934.143365,783295.052937,275638.614645,113733.535841,19582.376323,33824.476099
1108366.524783,466576.912727,746866.242587,277091.631196,116644.228182,18671.656065,13249.581441
1106691.191917,483635.976198,767552.334618,276672.797979,120908.994050,19188.808365,17830.352756
1142208.290893,452018.228154,749440.320635,285552.072723,113004.557039,18736.008016,34542.817039
1102290.060787,470312.405711,773519.226227,275572.515197,117578.101428,19337.980656,21012.739323
1135132.013736,461117.387344,763350.167829,283783.003434,115279.346836,19083.754196,23731.561123
1141596.658246,449425.423439,766947.286616,285399.164561,112356.355860,19173.682165,36268.944985
1117745.836719,460060.682713,724843.933568,279436.459180,115015.170678,18121.098339,34339.608576
1119443.657726,472636.301117,760737.515954,279860.914431,118159.075279,19018.437899,5845.065934
1114790.622240,480152.630997,758942.019378,278697.655560,120038.157749,18973.550484,8380.678292
1129977.749026,456351.007219,753539.725216,282494.437256,114087.751805,18838.493130,21899.958820
1126375.004987,485354.683079,764705.596369,281593.751247,121338.670770,19117.639909,19140.322882
1120247.488902,470125.918063,760452.000000,280061.872225,117531.479516,19011.300000,6556.506703
1140393.853128,476906.596491,754768.656504,285098.463282,119226.649123,18869.216413,25889.614552
1104273.997147,466687.232796,763231.455858,276068.499287,116671.808199,19080.786396,13588.723883
1131637.442773,477297.682693,781846.113658,282909.360693,119324.420673,19546.152841,30396.290565
1140611.316652,466015.077641,756975.052619,285152.829163,116503.769410,18924.376315,26248.427788
1149343.605713,472905.679121,751575.211425,287335.901428,118226.419780,18789.380286,34708.928875
1094602.823836,466306.489475,763147.545354,273650.705959,116576.622369,19078.688634,22135.227678
1138024.354693,466790.518500,755496.000000,284506.088673,116697.629625,18887.400000,23596.158396
1115302.265707,470184.680752,758396.010205,278825.566427,117546.170188,18959.900255,2370.737036
1126145.895990,473723.323469,769661.040246,281536.473997,118430.830867,19241.526006,16974.065414
1116720.473948,473517.858312,760251.858312,279180.118487,118379.464578,19006.296458,4011.242476
1110080.819373,450178.931137,742104.196288,277520.204843,112544.732784,18552.604907,26860.888164
1112116.826397,468536.147805,755947.568130,278029.206599,117134.036951,18898.689203,4666.155541
1133629.681641,465842.711691,740516.202930,283407.420410,116460.677923,18512.905073,25536.757032
1135168.590135,467155.492743,776383.610573,283792.147534,116788.873186,19409.590264,28405.807445
1145663.433115,469230.859594,772354.143380,286415.858279,117307.714898,19308.853585,34388.726840
1136681.333082,473799.268099,776358.011514,284170.333271,118449.817025,19408.950288,29128.506874
1109516.021125,446910.721857,758221.026456,277379.005281,111727.680464,18955.525661,25750.827379
1106553.234047,489810.016804,765557.833168,276638.308512,122452.504201,19138.945829,21524.860570
1111857.497084,462410.325930,774475.366029,277964.374271,115602.581482,19361.884151,20269.919351
1098017.895206,462340.183724,775809.644529,274504.473802,115585.045931,19395.241113,27221.835058
1116849.377963,471147.284767,776592.284767,279212.344491,117786.821192,19414.807119,19772.943409
1129528.899094,465447.073749,750732.927249,282382.224774,116361.768437,18768.323181,17055.347230
1130119.381716,465360.291068,749384.417863,282529.845429,116340.072767,18734.610447,18110.079860
1106305.339991,489573.438436,765856.497266,276576.334998,122393.359609,19146.412432,21551.980064
1143177.184019,475902.000000,753717.876912,285794.296005,118975.500000,18842.946923,28563.412146
1133731.993773,459789.931961,740145.000000,283432.998443,114947.482990,18503.625000,27923.402323
1111795.876309,490064.455781,760657.400439,277948.969077,122516.113945,19016.435011,18710.443882
1103228.745383,447320.686965,735455.745383,275807.186346,111830.171741,18386.393635,34798.656396
1058907.578191,450150.763873,737603.821547,264726.894548,112537.690968,18440.095539,63282.285703
1128481.225221,469894.543157,748761.281629,282120.306305,117473.635789,18719.032041,15850.191114
1121865.428455,472700.455671,774522.756964,280466.357114,118175.113918,19363.068924,18884.610175
1135921.010525,464145.910824,758032.366237,283980.252631,116036.477706,18950.809156,22326.741989
1105308.893649,472826.313267,769345.947300,276327.223412,118206.578317,19233.648683,15815.560311
1096125.084263,458886.995474,779011.443591,274031.271066,114721.748869,19475.286090,31924.031729
1061193.147101,457845.800863,721422.382210,265298.286775,114461.450216,18035.559555,66051.041179
1092414.907329,482274.118318,735158.402641,273103.726832,120568.529579,18378.960066,33036.831979
1149577.551785,461255.691119,779643.791924,287394.387946,115313.922780,19491.094798,42705.837737
1113179.212828,473230.234680,757827.000000,278294.803207,118307.558670,18945.675000,2411.433492
1104082.087625,466453.525588,762890.007186,276020.521906,116613.381397,19072.250180,13681.583647
1137798.309177,465235.453296,762343.721959,284449.577294,116308.863324,19058.593049,24341.976716
1113979.472527,468869.518382,757617.000000,278494.868132,117217.379596,18940.425000,3406.479546
1144450.316547,487178.044194,764081.847894,286112.579137,121794.511049,19102.046197,33833.826675
1119060.491965,470080.644531,758133.491965,279765.122991,117520.161133,18953.337299,4610.111625
1113698.846930,474237.340341,757631.101263,278424.711732,118559.335085,18940.777532,2693.933584
1108576.484433,466587.094180,765473.132470,277144.121108,116646.773545,19136.828312,12031.292285
1137272.259204,479613.465981,769081.095385,284318.064801,119903.366495,19227.027385,26436.276096
1129611.410000,469432.196628,756861.819999,282402.852500,117358.049157,18921.545500,14780.539997
1111738.811267,469400.250851,756812.949354,277934.702817,117350.062713,18920.323734,4233.888761
1107820.242373,470534.574139,777734.564651,276955.060593,117633.643535,19443.364116,22087.973685
1122655.503935,446526.776364,735366.311056,280663.875984,111631.694091,18384.157776,34239.766358
1133158.429889,448830.803343,770282.196657,283289.607472,112207.700836,19257.054916,32311.388629
1119082.799723,460022.623207,755088.034257,279770.699931,115005.655802,18877.200856,12789.529351
1116112.790290,471036.129072,756501.811883,279028.197572,117759.032268,18912.545297,1503.042803
1130317.479184,456901.892291,755359.635907,282579.369796,114225.473073,18883.990898,21538.420293
1103319.819343,456486.270647,788824.135436,275829.954836,114121.567662,19720.603386,37378.158505
1104491.573953,449054.885783,746797.613257,276122.893488,112263.721446,18669.940331,27234.804027
1082520.046846,433157.635293,733449.291042,270630.011711,108289.408823,18336.232276,55859.798028
1047132.529891,453504.516571,725474.964321,261783.132473,113376.129143,18136.874108,77109.679877
1111314.096935,472965.394117,756213.050207,277828.524234,118241.348529,18905.326255,3926.549461
1128180.059261,467639.862430,756142.723496,282045.014815,116909.965608,18903.568087,13854.991014
1136056.504876,457690.004008,776447.987975,284014.126219,114422.501002,19411.199699,32057.120464
1105031.424411,463510.555671,741531.000000,276257.856103,115877.638918,18538.275000,20245.305226
1128559.637579,459488.840327,740954.181210,282139.909395,114872.210082,18523.854530,24377.813939
1120159.657103,470909.780245,775419.769519,280039.914276,117727.445061,19385.494238,19222.108638
1140502.818050,481427.653824,768242.793215,285125.704513,120356.913456,19206.069830,29393.389423
1120980.929980,455044.747506,754105.791251,280245.232495,113761.186877,18852.644781,18200.884538
1108014.078778,458178.364227,744580.019979,277003.519694,114544.591057,18614.500499,19839.902791
1111554.856079,471898.207225,755654.401129,277888.714020,117974.551806,18891.360028,3728.752906
1110248.745886,450425.399762,742378.090348,277562.186472,112606.349941,18559.452259,26478.573125
1112001.335320,469938.844655,757116.655862,278000.333830,117484.711164,18927.916397,3707.017125
1133696.318695,465447.661319,741193.402763,283424.079674,116361.915330,18529.835069,25256.414346
1137155.371933,448161.953411,749925.602034,284288.842983,112040.488353,18748.140051,33264.460483
1147594.624345,466472.102401,750140.622962,286898.656086,116618.025600,18753.515574,33693.995033
1071524.694161,438748.057617,721189.456212,267881.173540,109687.014404,18029.736405,65416.228532
1134615.635219,465916.600305,733956.665315,283653.908805,116479.150076,18348.916633,30773.981538
1131948.587489,461773.812274,775173.241191,282987.146872,115443.453068,19379.331030,26897.426452
1126020.889308,443713.960261,744214.929047,281505.222327,110928.490065,18605.373226,32909.242963
1129206.234001,469122.381058,756365.120779,282301.558500,117280.595264,18909.128019,14451.408923
1132930.599484,471911.890908,786966.701078,283232.649871,117977.972727,19674.167527,34959.621566
1094492.469854,463549.733717,759085.341079,273623.117463,115887.433429,18977.133527,22350.060120
1106350.171049,468250.109748,773636.732057,276587.542762,117062.527437,19340.918301,19223.748299
1070811.525628,456833.713995,726867.423359,267702.881407,114208.428499,18171.685584,55604.223184
1127110.203892,491167.114272,761455.150631,281777.550973,122791.778568,19036.378766,23070.193521
1106964.543928,484754.162593,755279.795569,276741.135982,121188.540648,18881.994889,15175.101951
1132253.563590,466655.330407,761581.316918,283063.390897,116663.832602,19039.532923,18605.620590
1066298.120059,443855.729516,740007.794114,266574.530015,110963.932379,18500.194853,58797.917526
1114311.848095,451787.060250,767661.883733,278577.962024,112946.765062,19191.547093,22923.383866
1099409.156438,473894.117847,774853.941076,274852.289109,118473.529462,19371.348527,23876.190808
1148952.000000,461590.140806,779331.949632,287238.000000,115397.535202,19483.298741,41950.310702
1131799.298697,477291.397233,781935.450732,282949.824674,119322.849308,19548.386268,30556.871073
1119132.927392,471638.586937,758877.117269,279783.231848,117909.646734,18971.927932,4535.150358
1132669.321942,464839.561213,749985.239271,283167.330486,116209.890303,18749.630982,20243.401056
1125733.117232,469296.814529,756974.465880,281433.279308,117324.203632,18924.361647,11016.167146
1129772.872484,490468.717263,771515.489937,282443.218121,122617.179316,19287.887248,27743.549487
1138886.989500,468257.054584,757700.855448,284721.747375,117064.263646,18942.521386,24135.555548
1105617.838349,460788.751624,741595.153412,276404.459587,115197.187906,18539.878835,21218.768712
1098122.494126,465236.918889,763885.854144,274530.623531,116309.229722,19097.146354,19531.172499
1123816.973556,484881.323800,763493.760200,280954.243389,121220.330950,19087.344005,16888.152188
1128269.262965,480830.131226,777990.797560,282067.315741,120207.532807,19449.769939,26382.022005
1130870.604580,466458.334953,773504.157003,282717.651145,116614.583738,19337.603925,23579.357670
1141224.561850,456837.026307,767713.182515,285306.140462,114209.256577,19192.829563,32120.418047
1119347.829824,468971.233939,758834.889055,279836.957456,117242.808485,18970.872226,5601.041449
1133168.359980,475082.229216,771538.815678,283292.089995,118770.557304,19288.470392,23472.861754
1125003.879641,453116.017600,737303.557385,281250.969910,113279.004400,18432.588935,29003.402587
1117837.873308,470158.252778,757157.644891,279459.468327,117539.563194,18928.941122,3354.708319
1120422.122150,472207.319820,764166.761614,280105.530538,118051.829955,19104.169040,9016.735218
1123930.095630,467309.328188,752371.897120,280982.523908,116827.332047,18809.297428,11026.874743
1146923.066376,475260.734495,761971.342528,286730.766594,118815.183624,19049.283563,32422.947282
1134326.527839,463122.414558,763063.114955,283581.631960,115780.603640,19076.577874,22094.686685
1111483.492796,469470.724618,756467.867997,277870.873199,117367.681155,18911.696700,4417.583310
1112244.654559,469909.138093,757304.618237,278061.163640,117477.284523,18932.615456,3542.138058
1100378.151278,458702.873702,768796.953970,275094.537819,114675.718426,19219.923849,23109.978870
1117399.654262,471675.963521,756585.436297,279349.913565,117918.990880,18914.635907,2388.942094
1135087.451259,459233.927251,776412.000000,283771.862815,114808.481813,19410.300000,30734.716997
1145097.535071,453703.141823,748545.000000,286274.383768,113425.785456,18713.625000,36166.945993
1130320.961344,465772.841266,749624.077312,282580.240336,116443.210316,18740.601933,18033.424925
1136926.391219,467243.473524,762919.638957,284231.597805,116810.868381,19072.990974,23173.005113
1135258.271087,455413.906630,769793.937925,283814.567772,113853.476658,19244.848448,29147.961067
1103051.533974,455700.953971,788810.769232,275762.883493,113925.238493,19720.269231,37784.471019
1129359.000000,470540.719164,784395.014645,282339.750000,117635.179791,19609.875366,31008.675444
1114347.213085,478266.510253,757618.758887,278586.803271,119566.627563,18940.468972,6321.808557
1115155.967370,467265.577131,766596.914642,278788.991842,116816.394283,19164.922866,10783.991604
1124044.741723,479439.898453,756149.823764,281011.185431,119859.974613,18903.745594,11675.371734
1147511.882133,463176.840327,774690.000000,286877.970533,115794.210082,19367.250000,38041.684877
1116016.382058,470014.803202,758308.751906,279004.095515,117503.700801,18957.718798,2623.007867
1128670.719698,493985.794382,762653.341776,282167.679925,123496.448595,19066.333544,26465.889577
1133908.133698,462395.984419,740981.666964,283477.033425,115598.996105,18524.541674,26494.929475
1111426.974826,472776.513999,755675.446351,277856.743707,118194.128500,18891.886159,3913.318671
1132147.393318,478199.924507,768124.468811,283036.848330,119549.981127,19203.111720,21346.221569
1127087.120889,485158.128999,776699.903888,281771.780222,121289.532250,19417.497597,26615.814458
1119437.668581,456989.614436,750729.257483,279859.417145,114247.403609,18768.231437,16838.112258
1112746.767476,474450.642473,756687.145354,278186.691869,118612.660618,18917.178634,3360.633822
1114917.983966,463205.518520,739758.892582,278729.495991,115801.379630,18493.972315,19294.802201
1112808.409368,471971.971421,757733.490988,278202.102342,117992.992855,18943.337275,2394.605382
1133788.044058,467123.286938,759028.034048,283447.011014,116780.821734,18975.700851,19473.069360
1121495.928365,475709.522309,759775.308625,280373.982091,118927.380577,18994.382716,7947.140112
1120149.850157,455427.729915,755318.198209,280037.462539,113856.932479,18882.954955,17432.972332
1115751.000000,487840.748036,767800.395703,278937.750000,121960.187009,19195.009893,19210.153828
1140160.484848,456809.600860,765899.100294,285040.121212,114202.400215,19147.477507,30694.242503
1100435.415896,463757.415896,774757.175815,275108.853974,115939.353974,19368.929395,24502.647082
1114096.569533,451582.189845,750457.561495,278524.142383,112895.547461,18761.439037,21460.636340
1124788.108256,449320.397927,747222.000000,281197.027064,112330.099482,18680.550000,26535.652269
1134772.233048,451815.536850,750042.575950,283693.058262,112953.884212,18751.064399,29056.033387
1111315.095216,471439.314039,768091.896973,277828.773804,117859.828510,19202.297424,11797.349341
1111958.006269,470841.335798,767648.331672,277989.501567,117710.333950,19191.208292,11230.234200
1117097.619519,470486.865722,765342.380481,279274.404880,117621.716430,19133.559512,8800.634526
1129811.472357,471671.936083,743168.536274,282452.868089,117917.984021,18579.213407,20170.092719
1121238.629450,456761.760215,747743.418719,280309.657363,114190.440054,18693.585468,18849.962046
1143890.555611,468964.828308,774730.222444,285972.638903,117241.207077,19368.255561,34025.923820
1154032.297346,458127.520289,782879.364731,288508.074336,114531.880072,19571.984118,48845.068594
1146545.107856,474959.656978,761794.378429,286636.276964,118739.914244,19044.859461,31995.150628
1119342.945534,465158.011464,757730.817772,279835.736384,116289.502866,18943.270444,8132.825246
1124041.385038,468850.005391,743125.981368,281010.346259,117212.501348,18578.149534,16763.486182
1125269.200972,485696.643306,761604.729904,281317.300243,121424.160826,19040.118248,17695.074279
1129729.486687,470748.864272,783300.622416,282432.371672,117687.216068,19582.515560,30211.869354
1133138.310588,448016.966266,771672.621944,283284.577647,112004.241566,19291.815549,33478.393579
1123731.702181,485768.330487,763589.587099,280932.925545,121442.082622,19089.739677,17566.685269
1111539.499094,459292.107413,758666.384065,277884.874773,114823.026853,18966.659602,13324.596534
1121746.620958,472353.000000,766195.600687,280436.655239,118088.250000,19154.890017,11439.226763
1057699.098647,472035.039325,738967.903631,264424.774662,118008.759831,18474.197591,60104.499747
1113189.361960,469298.805958,755667.472043,278297.340490,117324.701489,18891.686801,3534.797805
1119073.559162,463186.531795,756451.500403,279768.389790,115796.632949,18911.287510,9717.458171
1136857.059506,447355.956948,749319.838153,284214.264876,111838.989237,18732.995954,33784.413732
1124286.256972,480450.235617,761068.271557,281071.564243,120112.558904,19026.706789,13165.615113
1106155.004537,486228.065437,767968.493194,276538.751134,121557.016359,19199.212330,20077.938664
1134821.880227,462873.088861,740067.625903,283705.470057,115718.272215,18501.690648,27536.768101
1125481.935092,444665.758357,742941.247346,281370.483773,111166.439589,18573.531184,32442.189239
1119823.625923,470278.234159,758691.078410,279955.906481,117569.558540,18967.276960,5373.690448
1143077.607233,486306.823970,763954.759909,285769.401808,121576.705992,19098.868998,32225.350620
1096452.086553,469061.791618,778068.635335,274113.021638,117265.447905,19451.715883,28324.792989
1128464.588048,466963.603870,762382.144452,282116.147012,116740.900967,19059.553611,15333.806173
1109009.848528,479075.350121,767859.166120,277252.462132,119768.837530,19196.479153,14352.394461
1132908.100847,488587.189569,768762.219592,283227.025212,122146.797392,19219.055490,27076.412565
1112514.537753,469951.137528,757553.577663,278128.634438,117487.784382,18938.839442,3343.285440
1138158.000000,477941.966467,767429.767914,284539.500000,119485.491617,19185.744198,26057.535431
1075917.301857,447358.515353,717374.349443,268979.325464,111839.628838,17934.358736,60863.744780
1108075.643237,478581.266887,767233.089876,277018.910809,119645.316722,19180.827247,14076.178857
1112000.069861,473153.432032,756960.254223,278000.017465,118288.358008,18924.006356,3261.964067
1115600.144521,475646.597581,757741.718744,278900.036130,118911.649395,18943.542969,3753.690322
1096865.292644,463826.582720,768222.000000,274216.323161,115956.645680,19205.550000,22934.258868
1103474.802691,461120.581705,769146.000000,275868.700673,115280.145426,19228.650000,20064.306697
1147016.593205,463446.845292,774459.000000,286754.148301,115861.711323,19361.475000,37448.737671
1128858.631741,494681.148416,763731.439686,282214.657935,123670.287104,19093.285992,27388.762711
1131564.535324,480552.714508,779828.523661,282891.133831,120138.178627,19495.713092,29494.730271
1138275.237153,477500.142335,767381.988518,284568.809288,119375.035584,19184.549713,26045.893624
1139145.594234,479143.854994,770408.166668,284786.398559,119785.963748,19260.204167,28508.574584
1121860.851424,457147.491893,747458.532933,280465.212856,114286.872973,18686.463323,18896.598440
1103966.055676,461664.124769,769310.055676,275991.513919,115416.031192,19232.751392,19593.776949
1140291.315182,466734.841928,753484.284626,285072.828795,116683.710482,18837.107116,26007.664237
1123313.511388,466150.698438,756690.488612,280828.377847,116537.674609,18917.262215,10132.561224
1121938.157936,467040.507481,774358.499999,280484.539484,116760.126870,19358.962500,19397.049685
1128615.841857,492938.015239,766476.956810,282153.960464,123234.503810,19161.923920,26692.551495
1128348.253726,462820.373137,752360.575832,282087.063432,115705.093284,18809.014396,16795.022574
1145741.086789,460008.632393,767916.396654,286435.271697,115002.158098,19197.909916,34736.420148
1123515.881395,446964.525580,736081.793613,280878.970349,111741.131395,18402.044840,33670.610833
1060898.194602,437352.574408,723585.792049,265224.548651,109338.143602,18089.644801,72434.648727
1141290.350988,457004.153650,767285.406625,285322.587747,114251.038412,19182.135166,31954.166424
1124453.735795,479464.138017,754090.074438,281113.433949,119866.034504,18852.251861,12312.855257
1139725.972966,480541.634591,769288.822673,284931.493242,120135.408648,19232.220567,28878.159493
1108464.000000,463033.195143,770427.157079,277116.000000,115758.298786,19260.678927,17515.281338
1136173.661389,456569.887359,764089.014961,284043.415347,114142.471840,19102.225374,27129.523960
1126848.210226,443469.063093,744405.652123,281712.052556,110867.265773,18610.141303,33330.994958
1058081.935959,473119.252745,740561.741386,264520.483990,118279.813186,18514.043535,59289.897836
1136038.561581,457620.740185,776309.535001,284009.640395,114405.185046,19407.738375,31992.311684
1118880.926778,470666.829138,758508.925990,279720.231695,117666.707284,18962.723150,4355.006314
1113038.196551,471626.729068,755370.000000,278259.549138,117906.682267,18884.250000,2578.374174
1146760.408215,474994.639231,752695.408215,286690.102054,118748.659808,18817.385205,32118.339842
1113727.189288,480561.233406,755853.000000,278431.797322,120140.308351,18896.325000,8706.275186
1121789.440842,465081.385043,757302.000000,280447.360210,116270.346261,18932.550000,9676.321640
1112138.856007,470925.431979,767218.758854,278034.714002,117731.357995,19180.468971,10761.243787
1129469.253083,469422.035261,756634.438654,282367.313271,117355.508815,18915.860966,14645.079044
1130522.446444,473134.776608,757044.223279,282630.611611,118283.694152,18926.105582,15502.790269
1120786.151806,457788.632134,750118.187436,280196.537951,114447.158033,18752.954686,16783.896060
1135060.288003,461229.648264,763098.000000,283765.072001,115307.412066,19077.450000,23552.011243
1119704.699439,458435.371783,754189.278240,279926.174860,114608.842946,18854.731956,14617.827850
1118835.351986,470218.127095,757996.691231,279708.837997,117554.531774,18949.917281,4321.310401
1127311.765291,480838.468635,776457.260592,281827.941323,120209.617159,19411.431515,24688.158325
1095505.568997,455268.171961,778470.000000,273876.392249,113817.042990,19461.750000,33578.803510
1127216.351984,492067.211633,761571.579316,281804.087996,123016.802908,19039.289483,23898.627916
1102636.734841,472814.673540,771602.673540,275659.183710,118203.668385,19290.066838,19249.508672
1114465.970910,480167.280415,755654.506543,278616.492727,120041.820104,18891.362664,8262.406440
1113734.344430,453765.716495,747304.004056,278433.586108,113441.429124,18682.600101,20678.241154
1099086.743155,495725.525565,768064.245385,274771.685789,123931.381391,19201.606135,30677.376901
1114186.347026,470300.591234,776719.796035,278546.586757,117575.147809,19417.994901,19893.851571
1092040.677840,466938.203721,764361.471221,273010.169460,116734.550930,19109.036781,24721.043878
1101858.384073,464916.039701,773312.393145,275464.596018,116229.009925,19332.809829,22215.227114
1111937.961583,454251.243429,769106.370744,277984.490396,113562.810857,19227.659269,21774.426099
1128169.115659,441697.271524,744751.294468,282042.278915,110424.317881,18618.782362,35208.475795
1118339.103670,471339.238210,756992.103670,279584.775918,117834.809553,18924.802592,3350.614649
1129215.108041,467055.222719,762834.834370,282303.777010,116763.805680,19070.870859,16125.789808
1109102.584044,456031.708410,758113.285818,277275.646011,114007.927103,18952.832145,17107.545885
1113733.950579,472783.860629,758692.829149,278433.487645,118195.965157,18967.320729,2340.666238
1116168.467151,470164.933762,756931.801827,279042.116788,117541.233441,18923.295046,2164.478224
1134324.392940,467306.968765,736985.535075,283581.098235,116826.742191,18424.638377,28120.279352
1119688.583017,468250.278025,765594.770002,279922.145754,117062.569506,19139.869250,10531.685187
1110694.320559,470535.414537,768415.905116,277673.580140,117633.853634,19210.397628,12386.721846
1102767.756025,455372.411613,787358.952976,275691.939006,113843.102903,19683.973824,36809.027643
1120672.700279,467897.028096,778136.669478,280168.175070,116974.257024,19453.416737,22331.174740
1120708.758273,465364.049415,766675.721644,280177.189568,116341.012354,19166.893041,13093.415009
1137531.214679,480659.984120,768019.427173,284382.803670,120164.996030,19200.485679,26509.111536
1112200.898073,474325.898073,756068.863354,278050.224518,118581.474518,18901.721584,3767.974543
1130078.124889,470418.977121,758364.272657,282519.531222,117604.744280,18959.106816,15172.544188
1123873.604939,468379.146440,757186.764294,280968.401235,117094.786610,18929.669107,9541.265780
1133680.798700,465661.435089,761596.017328,283420.199675,116415.358772,19039.900433,20225.763633
1124281.578225,469371.562363,746819.869320,281070.394556,117342.890591,18670.496733,13931.459727
1110582.496330,452121.538946,744017.693120,277645.624082,113030.384736,18600.442328,24137.636959
1135296.868898,465192.014973,732903.714401,283824.217224,116298.003743,18322.592860,32140.143997
1136910.889020,482090.035785,766890.453087,284227.722255,120522.508946,19172.261327,26042.203481
1124894.617914,451176.227682,753774.557848,281223.654478,112794.056921,18844.363946,23264.632523
1129626.131799,471265.234086,783521.300220,282406.532950,117816.308522,19588.032506,30337.717361
1121415.167714,472579.372845,766173.795252,280353.791929,118144.843211,19154.344881,11239.631766
1136859.257960,467267.023728,777570.668424,284214.814490,116816.755932,19439.266711,30402.081791
1110888.941971,468705.777149,759408.982481,277722.235493,117176.444287,18985.224562,5882.462219
1119916.776509,457618.927680,751664.664764,279979.194127,114404.731920,18791.616619,16084.555793
1115979.821981,471413.247487,756596.718165,278994.955495,117853.311872,18914.917954,1150.479141
1109774.568454,475644.905223,768287.732646,277443.642114,118911.226306,19207.193316,13048.834690
1121730.985360,472813.740722,774119.290067,280432.746340,118203.435180,19352.982252,18464.596256
1111379.598526,468979.171084,756179.774026,277844.899632,117244.792771,18904.494351,4833.660375
1131444.261782,454611.981029,752052.430447,282861.065445,113652.995257,18801.310761,24399.091625
1107756.145116,488996.876575,762967.242981,276939.036279,122249.219144,19074.181075,19442.067356
1121674.819046,466561.063038,757346.050081,280418.704762,116640.265759,18933.651252,8589.588462
1111402.399193,452864.115943,778303.079037,277850.599798,113216.028986,19457.576976,28943.311314
1115433.152790,471395.844849,759426.473990,278858.288197,117848.961212,18985.661850,2610.791788
1122760.642318,494541.822795,766957.479448,280690.160579,123635.455699,19173.936986,25828.341588
1105110.868233,458555.308198,774386.419632,276277.717058,114638.827049,19359.660491,24196.419085
1121386.789927,464696.919890,766836.329563,280346.697482,116174.229973,19170.908239,13858.137166
1131100.587406,468372.841038,743719.204712,282775.146852,117093.210260,18592.980118,21092.472646
1109677.682876,444505.326661,771013.393549,277419.420719,111126.331665,19275.334839,31382.645868
1138454.607057,463537.874233,751881.504936,284613.651764,115884.468558,18797.037623,25391.108727
1129895.056400,470875.525198,786458.358854,282473.764100,117718.881299,19661.458971,33074.348619
1135214.741507,450779.489979,769302.559937,283803.685377,112694.872495,19232.563998,31794.191322
1141506.984657,474324.304623,754747.508183,285376.746164,118581.076156,18868.687705,26635.579955
1100793.185361,472662.172381,774643.256595,275198.296340,118165.543095,19366.081415,22760.999281
1145394.400179,476437.667989,753228.000000,286348.600045,119109.416997,18830.700000,30875.348797
1130108.150670,494478.912223,762855.511812,282527.037667,123619.728056,19071.387795,27674.902385
1097646.632375,469805.106488,777072.261137,274411.658094,117451.276622,19426.806528,26725.689690
1135817.768286,467362.529745,776179.324689,283954.442072,116840.632436,19404.483117,28697.314102
1124004.000000,450776.570669,747546.329557,281001.000000,112694.142667,18688.658239,24886.021915
1123622.402921,453039.183156,747546.636864,280905.600730,113259.795789,18688.665922,22838.519016
1118510.145917,471971.243763,762760.224988,279627.536479,117992.810941,19069.005625,6783.400178
1136616.505967,473587.821747,776518.448905,284154.126492,118396.955437,19412.961223,29175.806543
1128586.346065,493039.514762,768067.015696,282146.586516,123259.878691,19201.675392,27365.486612
1125557.814742,481013.003566,771861.539725,281389.453686,120253.250892,19296.538493,20353.277594
1113712.056229,490111.422057,756326.576856,278428.014057,122527.855514,18908.164421,18147.284648
1118679.158976,470621.841024,757452.631920,279669.789744,117655.460256,18936.315798,3917.659793
1135285.503183,464911.480181,761292.000000,283821.375796,116227.870045,19032.300000,21880.888949
1104753.338898,466767.000000,766510.343828,276188.334724,116691.750000,19162.758596,15027.907600
1123925.743372,451486.238246,747495.000000,280981.435843,112871.559561,18687.375000,24274.095007
1110233.826851,473513.867163,768071.848478,277558.456713,118378.466791,19201.796212,12242.359899
1118654.729748,467448.037244,759226.364874,279663.682437,116862.009311,18980.659122,6259.459724
1125627.065530,448090.399964,736625.576542,281406.766383,112022.599991,18415.639414,33111.081349
1099708.016041,454494.949728,780885.000000,274927.004010,113623.737432,19522.125000,33425.622506
1115797.192511,475506.028926,757347.028926,278949.298128,118876.507232,18933.675723,3584.735966
1105576.526104,489895.770170,766143.000000,276394.131526,122473.942542,19153.575000,22235.111314
1145985.329555,472429.755920,760718.737211,286496.332389,118107.438980,19017.968430,31160.408379
1130768.457789,477209.964964,767744.803691,282692.114447,119302.491241,19193.620092,19769.326080
1131223.455521,491598.592617,768241.398195,282805.863880,122899.648154,19206.034955,27795.611661
1120807.624958,457317.993810,750477.752477,280201.906239,114329.498452,18761.943812,17052.986948
1113934.374737,470888.857390,755649.106638,278483.593684,117722.214347,18891.227666,2042.241640
1133909.248385,448481.620767,771647.782131,283477.312096,112120.405192,19291.194553,33562.558769
1154187.419955,458484.162262,783034.780198,288546.854989,114621.040565,19575.869505,48951.649034
1125831.000000,484285.160150,773264.638377,281457.750000,121071.290038,19331.615959,23097.568983
1103444.674798,456333.465897,789045.778240,275861.168699,114083.366474,19726.144456,37592.210197
1107032.051548,485888.926891,754903.277605,276758.012887,121472.231723,18872.581940,16147.796235
1116496.587543,470866.784932,756641.551868,279124.146886,117716.696233,18916.038797,1865.600130
1112134.324615,452474.502125,746936.049035,278033.581154,113118.625531,18673.401226,22145.467268
1127167.357386,473340.773886,770055.038077,281791.839346,118335.193471,19251.375952,17912.320386
1122045.362070,474353.046020,772217.143361,280511.340518,118588.261505,19305.428584,16977.112052
1128467.453101,470974.865781,756327.243854,282116.863275,117743.716445,18908.181096,13461.494758
1123220.501910,462364.479559,767366.069806,280805.125478,115591.119890,19184.151745,16401.844438
1126542.765957,484771.222633,774735.753191,281635.691489,121192.805658,19368.393830,24733.512906
1113861.587449,459606.363931,769231.884793,278465.396862,114901.590983,19230.797120,17527.589262
1124114.013613,479361.213019,760947.590650,281028.503403,119840.303255,19023.689766,12330.099100
1108386.691137,462398.698778,770897.152924,277096.672784,115599.674695,19272.428823,18235.686953
1104995.410081,462663.239663,741171.713115,276248.852520,115665.809916,18529.292828,20902.831008
1137440.417808,477703.816284,768173.232573,284360.104452,119425.954071,19204.330814,25686.156926
1141821.169157,471490.275800,758870.575968,285455.292289,117872.568950,18971.764399,26837.469753
1146067.606974,475504.442018,753135.302522,286516.901744,118876.110504,18828.382563,31431.021331
1120779.917206,457262.661457,750062.890758,280194.979301,114315.665364,18751.572269,17252.087282
1130164.127066,477652.127066,767469.891418,282541.031766,119413.031766,19186.747285,19264.233118
1105237.411876,464812.765036,741342.000000,276309.352969,116203.191259,18533.550000,19777.745856
1114087.109086,474849.436309,757834.036666,278521.777272,118712.359077,18945.850917,3124.911213
1126887.238676,463261.088082,730149.303601,281721.809669,115815.272020,18253.732590,30550.652787
1115260.836586,486858.437700,767464.975694,278815.209147,121714.609425,19186.624392,18201.576569
1106748.989696,457583.924030,742566.487530,276687.247424,114395.981008,18564.162188,21991.180198
1112621.918472,465871.792513,767234.356406,278155.479618,116467.948128,19180.858910,12254.788720
1102274.178753,455119.963027,783422.917639,275568.544688,113779.990757,19585.572941,33935.649903
1103765.243315,482219.276438,751187.319220,275941.310829,120554.819109,18779.682981,16259.729983
1102467.306974,455281.694876,783347.500925,275616.826744,113820.423719,19583.687523,33723.782464
1108983.363271,455706.295047,744640.258025,277245.840818,113926.573762,18616.006451,21306.925443
1133724.320221,449133.489770,770700.000000,283431.080055,112283.372442,19267.500000,32591.727599
1121864.603120,466488.114633,757495.590964,280466.150780,116622.028658,18937.389774,8790.901852
1121369.757883,470588.481996,777123.422150,280342.439471,117647.120499,19428.085554,21214.429595
1141147.928549,471698.123694,758383.587969,285286.982137,117924.530924,18959.589699,26130.983546
1142907.094566,471720.410254,761414.905434,285726.773641,117930.102563,19035.372636,28209.165485
1121324.707288,469270.985577,758545.485821,280331.176822,117317.746394,18963.637146,7033.338465
1104578.365335,466898.644153,766879.954499,276144.591334,116724.661038,19171.998862,15340.620308
1133744.128621,467109.741123,758951.961210,283436.032155,116777.435281,18973.799030,19426.154251
1122919.126262,446557.491082,735588.115534,280729.781565,111639.372770,18389.702888,34137.343730
1129046.475754,459931.567706,753663.629995,282261.618938,114982.891926,18841.590750,18773.714827
1112748.522984,474841.761492,756031.581092,278187.130746,118710.440373,18900.789527,3751.265650
1111043.674040,465861.723252,766970.999170,277760.918510,116465.430813,19174.274979,12455.003543
1119398.531417,458406.147479,752766.763540,279849.632854,114601.536870,18819.169088,14883.485319
1119637.100626,469353.142632,760248.658821,279909.275156,117338.285658,19006.216471,6258.058706
1107891.434963,464630.565037,769641.795303,276972.858741,116157.641259,19241.044883,16367.506865
1118136.083646,448889.036131,743273.338399,279534.020912,112222.259033,18581.833460,27035.536182
1131596.595279,454586.990516,751786.188079,282899.148820,113646.747629,18794.654702,24573.650686
1111162.304166,448218.588482,771562.347496,277790.576041,112054.647121,19289.058687,28218.575275
1144329.442003,475322.718663,752973.784577,286082.360501,118830.679666,18824.344614,29717.913724
1095220.182124,473071.205883,769378.175902,273805.045531,118267.801471,19234.454398,23450.397871
1110978.218092,450406.782376,742563.551036,277744.554523,112601.695594,18564.088776,26269.234253
1134979.467555,449127.822782,771260.162384,283744.866889,112281.955695,19281.504060,33565.761962
1134523.783315,463450.351031,738933.404120,283630.945829,115862.587758,18473.335103,27854.334473
1104502.496483,447730.863741,736656.360224,276125.624121,111932.715935,18416.409006,33350.149127
1113543.656609,468223.390636,756791.384601,278385.914152,117055.847659,18919.784615,4093.955391
1120358.384235,455338.925162,754336.219606,280089.596059,113834.731291,18858.405490,17695.776868
1125360.529233,470763.755254,758228.637816,281340.132308,117690.938814,18955.715945,10459.524474
1144199.645776,475219.899327,753081.936612,286049.911444,118804.974832,18827.048415,29564.564245
1147319.162030,479871.185787,750099.000000,286829.790507,119967.796447,18752.475000,33893.331212
1125355.153468,444483.494500,744361.875677,281338.788367,111120.873625,18609.046892,31971.489091
1105853.534430,460097.137337,773706.730299,276463.383607,115024.284334,19342.668257,22556.670309
1117758.677350,470382.603743,759089.482629,279439.669338,117595.650936,18977.237066,3831.931105
1131099.566129,496225.115005,763468.778670,282774.891532,124056.278751,19086.719467,29763.201292
1128218.555069,470627.641746,749605.277963,282054.638767,117656.910437,18740.131949,15119.608009
1114154.236231,470556.101978,758406.775494,278538.559058,117639.025494,18960.169387,2277.198713
1136477.607409,473347.031121,777020.528812,284119.401852,118336.757780,19425.513220,29402.305641
1143072.658250,452481.301042,747223.160771,285768.164563,113120.325260,18680.579019,35505.700892
1112955.952036,473805.957788,757353.831593,278238.988009,118451.489447,18933.845790,2791.164855
1119440.030157,460097.245393,754748.245393,279860.007539,115024.311348,18868.706135,12889.866473
1104078.225802,467287.148806,767872.627615,276019.556450,116821.787201,19196.815690,16217.187655
1137436.590912,466177.250233,774990.040755,284359.147728,116544.312558,19374.751019,29350.003008
1155095.768181,457952.775371,783716.652271,288773.942045,114488.193843,19592.916307,50188.869974
1108433.692230,470901.387104,780375.689896,277108.423057,117725.346776,19509.392247,24399.541039
1113527.884146,469182.277860,755783.606780,278381.971036,117295.569465,18894.590169,3422.594522
1130601.170794,497179.104607,761608.585275,282650.292699,124294.776152,19040.214632,29938.104638
1132290.868773,453780.349410,751288.388136,283072.717193,113445.087353,18782.209703,25718.644554
1135442.717421,474489.896311,774219.588955,283860.679355,118622.474078,19355.489724,26847.934596
1101815.662241,471343.583052,774629.493362,275453.915560,117835.895763,19365.737334,22124.683162
1133797.341483,466083.916738,734721.351399,283449.335371,116520.979184,18368.033785,29650.506821
1108376.770320,492208.618427,762179.771547,277094.192580,123052.154607,19054.494289,21903.186451
1144238.806745,475773.761367,753381.954622,286059.701686,118943.440342,18834.548866,29630.748192
1115306.690271,468410.408763,757201.351972,278826.672568,117102.602191,18930.033799,3632.912971
1120005.157185,467692.349540,753401.049883,280001.289296,116923.087385,18835.026247,7456.593406
1130748.091556,469996.593127,744264.420385,282687.022889,117499.148282,18606.610510,20258.091980
1102965.386463,467921.056987,770196.366650,275741.346616,116980.264247,19254.909166,18422.153224
1106332.832236,466270.385666,765476.096096,276583.208059,116567.596417,19136.902402,13508.305426
1126924.332675,473100.260596,750788.764497,281731.083169,118275.065149,18769.719112,13398.237775
1107925.861551,470522.980082,780572.431109,276981.465388,117630.745020,19514.310778,24750.484633
1116386.733518,469286.568974,757056.164544,279096.683380,117321.642243,18926.404114,3045.043716
1099814.328214,473548.832146,775192.053577,274953.582054,118387.208037,19379.801339,23845.829053
1140348.638156,473186.329138,754948.229299,285087.159539,118296.582285,18873.705732,25392.008753
1112335.776049,471381.489609,757726.470472,278083.944012,117845.372402,18943.161762,2912.835450
1151065.417409,461205.308661,750728.126113,287766.354352,115301.327165,18768.203153,38102.145180
1132201.807631,452937.309125,751465.522065,283050.451908,113234.327281,18786.638052,26227.746128
1107532.138025,471593.122853,776851.528148,276883.034506,117898.280713,19421.288204,21310.095621
1119117.600202,463150.238740,757325.276425,279779.400050,115787.559685,18933.131911,9765.859270
1114036.121505,470221.751917,758310.000000,278509.030376,117555.437979,18957.750000,2495.701369
1133918.549972,498314.196073,764053.680531,283479.637493,124578.549018,19101.342013,33131.687469
1119549.751324,470375.450080,763151.523400,279887.437831,117593.862520,19078.788085,7855.410090
1114561.471318,474233.804216,758735.555701,278640.367829,118558.451054,18968.388893,2903.103171
1117500.958418,469561.564756,764852.638945,279375.239604,117390.391189,19121.315974,8657.287448
1108330.070539,485327.371759,763850.117991,277082.517635,121331.842940,19096.252950,16440.747735
1144765.197125,461543.157855,748461.000000,286191.299281,115385.789464,18711.525000,32615.969544
1118977.245162,468695.899978,758937.002398,279744.311290,117173.974995,18973.425060,5521.716951
1108074.552677,471462.734331,778743.000000,277018.638169,117865.683583,19468.575000,22920.620028
1121202.992951,470681.127526,759672.817404,280300.748238,117670.281881,18991.820435,6864.231387
1142585.461109,474599.160707,753501.000000,285646.365277,118649.790177,18837.525000,27856.274390
1110553.011772,488995.919729,760210.261418,277638.252943,122248.979932,19005.256535,17865.744384
1148486.476014,469617.925510,750378.426845,287121.619004,117404.481378,18759.460671,34145.434139
1110107.815457,448347.151510,741384.000000,277526.953864,112086.787877,18534.600000,28748.644876
1111805.576456,453940.665801,777866.444733,277951.394114,113485.166450,19446.661118,27863.090197
1135102.733130,464988.581070,732846.101718,283775.683283,116247.145268,18321.152543,32105.464478
1130886.666122,496969.513243,761508.697933,282721.666531,124242.378311,19037.717448,29896.791470
1114314.713519,477854.159920,758045.150239,278578.678380,119463.539980,18951.128756,5984.327839
1141630.838983,456854.087912,766016.167216,285407.709746,114213.521978,19150.404180,31919.836701
1131313.765529,468617.390678,744157.321502,282828.441382,117154.347670,18603.933038,20944.589836
1132554.137608,467347.205433,760601.052372,283138.534402,116836.801358,19015.026309,18478.836669
1151088.302551,474805.141027,751011.546066,287772.075638,118701.285257,18775.288652,36615.340474
1123360.038003,465966.229994,736423.479099,280840.009501,116491.557498,18410.586977,22928.030385
1111243.669562,480810.613975,756165.817997,277810.917390,120202.653494,18904.145450,9609.253543
1126477.770478,485661.901817,764900.802210,281619.442619,121415.475454,19122.520055,19494.898117
1129182.871209,465746.732531,761623.206480,282295.717802,116436.683133,19040.580162,16154.867046
1119667.216724,447393.768042,743267.009245,279916.804181,111848.442010,18581.675231,28535.573041
1123801.654744,457481.248101,740610.751899,280950.413686,114370.312025,18515.268797,23535.074550
1124940.984225,466359.984225,760430.885436,281235.246056,116589.996056,19010.772136,11918.105575
1129047.374825,466249.820733,762165.495343,282261.843706,116562.455183,19054.137384,16015.711726
1103001.051309,472015.172487,771624.000000,275750.262827,118003.793122,19290.600000,19016.464904
1123168.168019,467221.151420,739834.444118,280792.042005,116805.287855,18495.861103,19512.200361
1125913.200438,483502.528199,774120.618415,281478.300109,120875.632050,19353.015460,23354.011287
1101866.395310,456281.426635,777043.663430,275466.598828,114070.356659,19426.091586,28755.202151
1106257.799146,458994.980964,741741.000000,276564.449786,114748.745241,18543.525000,21854.887735
1098817.213911,454196.621752,781140.061440,274704.303478,113549.155438,19528.501536,34179.743874
1121358.962441,472731.576315,751982.035435,280339.740610,118182.894079,18799.550886,8034.991358
1143799.788933,474782.289152,753799.475719,285949.947233,118695.572288,18844.986893,29039.994813
1102476.254111,454163.783676,743739.860049,275619.063528,113540.945919,18593.496501,25515.761342
1098595.017427,461809.325486,775893.727171,274648.754357,115452.331371,19397.343179,27118.951848
1121743.062766,470694.188298,777139.158213,280435.765692,117673.547075,19428.478955,21336.496571
1107027.450162,489005.250812,762636.586955,276756.862541,122251.312703,19065.914674,19635.786270
1112752.168522,468865.540294,757182.732591,278188.042131,117216.385073,18929.568315,3920.584428
1125317.863553,482680.675689,774224.660772,281329.465888,120670.168922,19355.616519,22764.880537
1125077.332102,446046.915181,745332.000000,281269.333026,111511.728795,18633.300000,30156.883495
1100241.019172,455163.849148,777979.094605,275060.254793,113790.962287,19449.477365,30779.089413
1138999.382397,473803.399927,754870.191016,284749.845599,118450.849982,18871.754775,24092.779220
1107744.329637,492562.690945,762227.957352,276936.082409,123140.672736,19055.698934,22439.502442
1109088.668350,447221.541109,781060.939000,277272.167088,111805.385277,19526.523475,35122.695006
1116617.875216,474344.869894,759906.000000,279154.468804,118586.217473,18997.650000,4090.184379
1108113.497694,482381.297638,767995.571993,277028.374423,120595.324410,19199.889300,16679.202728
1121389.251912,472397.991055,765089.296206,280347.312978,118099.497764,19127.232405,10341.020238
1099548.532870,494844.919823,768305.325463,274887.133218,123711.229956,19207.633137,29850.052429
1136466.922975,446453.167653,749896.989770,284116.730744,111613.291913,18747.424744,34080.001333
1120616.969112,466085.571770,747314.655518,280154.242278,116521.392942,18682.866388,12586.003264
1125100.583666,480221.397621,772413.155979,281275.145917,120055.349405,19310.328899,20200.211145
1130157.563974,494463.321761,762863.933131,282539.390993,123615.830440,19071.598328,27690.972177
1107913.999510,464253.258916,770041.611870,276978.499878,116063.314729,19251.040297,16841.212488
1138786.347944,450414.656330,749994.658741,284696.586986,112603.664082,18749.866469,32830.834168
1131895.722855,496299.569271,763480.057789,282973.930714,124074.892318,19087.001445,30261.843726
1118692.348599,471115.591893,759816.166936,279673.087150,117778.897973,18995.404173,4733.597422
1100898.317939,455864.897273,780839.897273,275224.579485,113966.224318,19520.997432,32153.247508
1123862.644706,469424.512630,744748.759520,280965.661177,117356.128157,18618.718988,15244.113068
1115667.620588,471451.344007,759541.767904,278916.905147,117862.836002,18988.544198,2751.509515
1116264.187289,470607.628132,758801.396398,279066.046822,117651.907033,18970.034910,2644.962892
1139309.596506,457018.115163,765695.137552,284827.399127,114254.528791,19142.378439,29836.597486
1099735.479995,460126.455759,776865.024236,274933.869999,115031.613940,19421.625606,27824.386141
