x,y,z,scaled x, scaled y, scaled z, distance
812570.600540,732193.512838,879215.276837,203142.650135,183048.378209,21980.381921,24576.269621
805762.427488,747545.901601,890133.381472,201440.606872,186886.475400,22253.334537,36595.362688
765046.115736,691666.317301,849434.067638,191261.528934,172916.579325,21235.851691,45045.229080
779490.329200,732994.185949,872002.016879,194872.582300,183248.546487,21800.050422,19131.019180
775368.439639,707913.271216,866674.765484,193842.109910,176978.317804,21666.869137,22589.051255
784732.086058,709699.587530,839459.078906,196183.021514,177424.896883,20986.476973,32044.776095
747963.647263,702749.236159,864913.163273,186990.911816,175687.309040,21622.829082,49396.431791
750814.069107,701054.055635,887067.643631,187703.517277,175263.513909,22176.691091,51007.962725
775163.119383,713521.096193,876399.678076,193790.779846,178380.274048,21909.991952,21698.354412
780635.914689,726790.824737,875052.590169,195158.978672,181697.706184,21876.314754,16009.597785
755030.755962,741703.264365,890926.552637,188757.688990,185425.816091,22273.163816,49566.541404
810208.893362,749873.162033,880299.000000,202552.223340,187468.290508,22007.475000,35465.461512
806133.670544,712729.544028,844115.405366,201533.417636,178182.386007,21102.885134,28169.234457
798904.200705,728138.553501,866313.599382,199726.050176,182034.638375,21657.839985,9029.710467
780045.335428,728272.509154,871901.311109,195011.333857,182068.127288,21797.532778,16056.437977
801124.347793,763767.724465,859063.814464,200281.086948,190941.931116,21476.595362,44407.329429
744305.838346,750674.540093,905603.761782,186076.459587,187668.635023,22640.094045,68869.149861
779747.315236,786321.190094,840144.766522,194936.828809,196580.297523,21003.619163,72501.833617
805659.797889,741743.126175,858152.595970,201414.949472,185435.781544,21453.814899,25951.887412
779566.272124,713758.038980,849869.688270,194891.568031,178439.509745,21246.742207,24189.020846
768859.866846,722803.452141,886142.743297,192214.966711,180700.863035,22153.568582,30845.853819
785132.820611,715411.215088,869581.920833,196283.205153,178852.803772,21739.548021,10365.895921
783417.227428,741791.087758,886070.545144,195854.306857,185447.771940,22151.763629,29451.637897
799923.774944,729772.858610,899204.040488,199980.943736,182443.214653,22480.101012,32937.672632
774722.961348,736697.389710,873390.000000,193680.740337,184174.347428,21834.750000,25320.528481
774569.152095,726731.385279,901329.837822,193642.288024,181682.846320,22533.245946,38845.609957
772474.714000,724111.073037,870715.551703,193118.678500,181027.768259,21767.888793,21717.101373
806635.173746,750723.617965,877844.580856,201658.793437,187680.904491,21946.114521,33900.814530
772528.160037,732977.225760,870810.124390,193132.040009,183244.306440,21770.253110,24602.249483
762897.712074,777779.615624,836780.392743,190724.428019,194444.903906,20919.509819,71892.302123
759845.757078,695872.258973,857388.018082,189961.439269,173968.064743,21434.700452,43513.839346
788231.830704,740235.354906,899695.844613,197057.957676,185058.838727,22492.396115,37470.305054
797512.937685,720925.937685,880099.606088,199378.234421,180231.484421,22002.490152,12582.393633
816077.007377,753500.585153,872165.866736,204019.251844,188375.146288,21804.146668,39693.733356
796938.077214,735790.315833,870925.772969,199234.519304,183947.578958,21773.144324,15475.126823
798651.654412,727105.651261,883389.575236,199662.913603,181776.412815,22084.739381,17216.568069
796437.017592,740896.367647,841502.407903,199109.254398,185224.091912,21037.560198,33360.146296
812470.880821,726635.988739,871318.789935,203117.720205,181658.997185,21782.969748,19804.045142
762816.352737,718257.602382,888722.904323,190704.088184,179564.400596,22218.072608,37318.156838
781033.361013,767654.184447,862692.613241,195258.340253,191913.546112,21567.315331,48754.615835
789391.954207,720330.276412,869804.821091,197347.988552,180082.569103,21745.120527,4761.215740
768943.563263,736808.710363,852225.290290,192235.890816,184202.177591,21305.632257,33491.031909
782356.711635,714861.000000,844229.347856,195589.177909,178715.250000,21105.733696,27132.741046
800384.981489,734088.564705,867203.833367,200096.245372,183522.141176,21680.095834,14763.548314
797425.007904,733234.792720,870340.999875,199356.251976,183308.698180,21758.524997,13048.397818
775168.366198,737305.921435,894464.048653,193792.091550,184326.480359,22361.601216,36219.464197
773966.916707,726078.628345,884373.628105,193491.729177,181519.657086,22109.340703,26177.311586
786057.285493,727871.124807,872262.643519,196514.321373,181967.781202,21806.566088,11216.301636
794012.938110,720156.533044,878864.098271,198503.234528,180039.133261,21971.602457,10812.506266
789479.965007,728027.242701,844223.040281,197369.991252,182006.810675,21105.576007,25267.207789
790000.041686,722806.606940,872250.529015,197500.010422,180701.651735,21806.263225,5947.854103
779463.140383,706215.980191,834791.807855,194865.785096,176553.995048,20869.795196,39105.950957
799099.364463,719778.243006,862765.159418,199774.841116,179944.560752,21569.128985,7595.524921
748097.579550,722127.000000,861206.472854,187024.394887,180531.750000,21530.161821,46224.575679
792673.119329,714229.532640,849166.431559,198168.279832,178557.383160,21229.160789,20089.223266
792274.789256,726538.282949,842667.000000,198068.697314,181634.570737,21066.675000,26073.407593
780733.176903,719113.670233,872697.911430,195183.294226,179778.417558,21817.447786,13967.017791
795824.799994,728643.302889,870737.979382,198956.199999,182160.825722,21768.449485,8428.050842
800352.353960,731228.824753,894064.626212,200088.088490,182807.206188,22351.615655,28718.608375
785864.264188,774059.340078,839103.470530,196466.066047,193514.835020,20977.586763,61053.691185
788201.745576,732981.276362,845943.000000,197050.436394,183245.319091,21148.575000,25827.537932
763085.309036,744898.466800,856543.620460,190771.327259,186224.616700,21413.590511,40639.038130
770415.876429,708063.838279,854555.117706,192603.969107,177015.959570,21363.877943,29905.485861
764740.656410,705408.295033,841527.228902,191185.164103,176352.073758,21038.180723,42299.776257
767892.029744,737319.729589,873455.098945,191973.007436,184329.932397,21836.377474,31129.487886
782302.137537,714843.379179,843864.195997,195575.534384,178710.844795,21096.604900,27480.933911
767704.863630,724806.439408,847756.797536,191926.215907,181201.609852,21193.919938,33298.184218
798394.372382,719786.129081,862161.476752,199598.593095,179946.532270,21554.036919,7580.853734
775971.072630,714380.263246,864810.831608,193992.768157,178595.065811,21620.270790,19258.355627
789111.331049,742399.629072,896824.039879,197277.832762,185599.907268,22420.600997,36194.179236
784124.598059,722089.536789,872722.656815,196031.149515,180522.384197,21818.066420,10789.298020
804435.040972,743852.907368,876013.983883,201108.760243,185963.226842,21900.349597,26508.323136
764274.175960,732543.377101,858222.169598,191068.543990,183135.844275,21455.554240,33224.400018
797206.384919,723101.589629,882294.000000,199301.596230,180775.397407,22057.350000,14782.004459
798482.805081,749700.194919,883107.874879,199620.701270,187425.048730,22077.696872,32815.105729
811298.621314,736285.676473,878214.568891,202824.655329,184071.419118,21955.364222,25409.923458
773597.852578,726079.964765,884415.221132,193399.463145,181519.991191,22110.380528,26483.811264
806354.863641,718180.059596,859522.106561,201588.715910,179545.014899,21488.052664,15443.598733
789950.746594,720548.942011,872739.000000,197487.686648,180137.235503,21818.475000,6049.002510
739324.297991,734944.181056,838816.043068,184831.074498,183736.045264,20970.401077,63404.448709
787094.958636,695727.002615,847388.920574,196773.739659,173931.750654,21184.723014,33272.417407
804688.745156,737609.197939,879439.067795,201172.186289,184402.299485,21985.976695,22949.890823
767060.210970,716449.781106,803407.157859,191765.052743,179112.445276,20085.178946,70121.614151
766261.411081,767957.790751,845188.967692,191565.352770,191989.447688,21129.724192,59123.730397
784534.053522,749894.472060,888493.946478,196133.513381,187473.618015,22212.348662,36642.248107
766001.629943,721934.089325,839310.862918,191500.407486,180483.522331,20982.771573,40012.757661
760589.059823,712568.187046,849742.502147,190147.264956,178142.046762,21243.562554,38836.214336
763190.771950,690998.100322,849150.203560,190797.692987,172749.525081,21228.755089,46790.751759
779950.913838,762556.800925,861777.000000,194987.728459,190639.200231,21544.425000,44338.765134
788934.976027,717893.133474,868808.191328,197233.744007,179473.283368,21720.204783,5762.843452
775784.137776,707548.770490,869847.680502,193946.034444,176887.192623,21746.192013,22491.705345
798422.732927,761771.583722,883344.000000,199605.683232,190442.895931,22083.600000,43866.454815
793686.954086,758791.123360,884032.616170,198421.738522,189697.780840,22100.815404,41105.085243
772446.612104,759826.222731,896033.304556,193111.653026,189956.555683,22400.832614,52456.085258
758660.524338,716318.048676,866809.572968,189665.131085,179079.512169,21670.239324,35452.816816
801624.520632,720597.243999,862570.980188,200406.130158,180149.311000,21564.274505,9580.931480
772065.359279,734135.318916,858219.387150,193016.339820,183533.829729,21455.484679,27280.772872
758841.898524,716099.987045,866183.610651,189710.474631,179024.996761,21654.590266,35330.197768
767106.963263,771803.707057,839583.069901,191776.740816,192950.926764,20989.576748,64144.674039
782012.087198,724522.340434,873077.477025,195503.021799,181130.585109,21826.936926,13296.788297
770510.366094,759799.569628,896772.083636,192627.591524,189949.892407,22419.302091,53645.357011
773911.670297,707189.852908,867891.588367,193477.917574,176797.463227,21697.289709,24154.721436
769016.949871,736861.025934,855199.008631,192254.237468,184215.256484,21379.975216,32159.323438
748657.466116,761285.191127,833086.763694,187164.366529,190321.297782,20827.169092,69942.621479
805206.043924,722143.674245,876498.000000,201301.510981,180535.918561,21912.450000,14236.221884
800912.354672,724315.936874,848547.000000,200228.088668,181078.984219,21213.675000,21067.785204
750160.919966,745836.000000,893924.612112,187540.229991,186459.000000,22348.115303,56506.816440
757171.216049,786961.744935,843572.960984,189292.804012,196740.436234,21089.324025,79402.607000
783052.290661,727227.479707,872880.449193,195763.072665,181806.869927,21822.011230,13353.707085
804846.101531,739036.469417,880070.677493,201211.525383,184759.117354,22001.766937,24384.644980
777669.678986,738534.029768,873852.000000,194417.419747,184633.507442,21846.300000,24574.827451
788476.767040,744496.582400,873819.606744,197119.191760,186124.145600,21845.490169,24851.881350
795582.668794,742241.671523,840611.196540,198895.667198,185560.417881,21015.279914,34826.242963
780857.908618,717182.217412,881976.309913,195214.477154,179295.554353,22049.407748,19346.307270
791583.429788,789271.529260,835737.962003,197895.857447,197317.882315,20893.449050,75660.143650
781016.234692,725387.295923,874807.310435,195254.058673,181346.823981,21870.182761,15117.571791
801356.685348,731010.250982,880387.359986,200339.171337,182752.562746,22009.684000,17628.132322
760336.265679,687183.567695,838995.470212,190084.066420,171795.891924,20974.886755,55700.389282
832768.933896,767609.478277,886175.653932,208192.233474,191902.369569,22154.391348,63464.022409
779685.854279,767385.471681,862439.526454,194921.463570,191846.367920,21560.988161,48897.378895
773968.752381,720031.013768,851088.032803,193492.188095,180007.753442,21277.200820,26123.881798
792187.129619,723663.818075,869936.871123,198046.782405,180915.954519,21748.421778,3690.272696
794205.647910,763940.008186,880556.549923,198551.411978,190985.002046,22013.913748,44806.128276
784858.362894,755359.061976,890393.427761,196214.590723,188839.765494,22259.835694,42006.839939
803477.987057,754642.611391,846860.770746,200869.496764,188660.652848,21171.519269,41013.388559
786481.581374,724739.818580,838611.455508,196620.395343,181184.954645,20965.286388,30602.617022
750939.000000,699507.559525,891069.751583,187734.750000,174876.889881,22276.743790,53130.849225
805654.961019,717906.260074,837584.180357,201413.740255,179476.565019,20939.604509,32859.325958
811201.047183,703055.582503,824989.535454,202800.261796,175763.895626,20624.738386,49785.257548
791723.176453,709328.346184,882758.176453,197930.794113,177332.086546,22068.954411,18810.031295
795734.682483,725992.548951,860454.216402,198933.670621,181498.137238,21511.355410,9369.056983
783825.000000,719717.196809,876541.050308,195956.250000,179929.299202,21913.526258,13128.155756
778995.000000,757066.371589,863681.154232,194748.750000,189266.592897,21592.028856,39315.758787
744274.353227,723685.573364,858820.919725,186068.588307,180921.393341,21470.522993,50452.381741
783014.732217,721402.173716,874377.000000,195753.683054,180350.543429,21859.425000,12491.834034
800620.854142,749117.577972,888749.411942,200155.213535,187279.394493,22218.735299,35631.981818
804781.369837,743221.496533,875658.767759,201195.342459,185805.374133,21891.469194,26001.847967
776462.667607,714711.394306,873129.843924,194115.666902,178677.848577,21828.246098,19084.145434
785989.564246,716574.851080,866930.858542,196497.391061,179143.712770,21673.271464,8998.594855
808929.413750,726421.012024,871227.000000,202232.353438,181605.253006,21780.675000,16414.572965
807320.630702,721146.921604,828410.274504,201830.157676,180286.730401,20710.256863,41913.816971
777015.086779,742900.404629,853544.482456,194253.771695,185725.101157,21338.612061,31247.591089
781636.277696,720022.064867,893611.344935,195409.069424,180005.516217,22340.283623,28291.271445
782614.069140,714796.749903,866657.184667,195653.517285,178699.187476,21666.429617,12818.655137
800880.848706,726179.556611,883344.000000,200220.212177,181544.889153,22083.600000,17636.064785
787643.761634,728153.566559,844571.727548,196910.940409,182038.391640,21114.293189,25356.221001
804238.284635,733036.117635,883853.325552,201059.571159,183259.029409,22096.333139,22472.514301
778597.796975,723459.761530,879888.216686,194649.449244,180864.940382,21997.205417,19411.575767
772625.077126,712314.118175,861078.796246,193156.269281,178078.529544,21526.969906,23893.728943
780663.331238,721152.873205,878970.700269,195165.832810,180288.218301,21974.267507,17059.579675
781234.790160,771358.288031,855298.224334,195308.697540,192839.572008,21382.455608,53537.733147
743033.710964,750759.002397,907821.024881,185758.427741,187689.750599,22695.525622,71041.081837
807114.051383,719430.958127,828413.826161,201778.512846,179857.739532,20710.345654,41869.607746
770212.607675,708065.425719,854490.000000,192553.151919,177016.356430,21362.250000,30093.314151
768792.620385,768947.245334,839220.955240,192198.155096,192236.811333,20980.523881,61364.342560
784399.043686,716370.046729,891785.296985,196099.760921,179092.511682,22294.632425,25899.068581
803569.936615,711276.370346,827265.149379,200892.484154,177819.092587,20681.628734,43060.752030
778674.607189,769270.693836,849417.734814,194668.651797,192317.673459,21235.443370,53997.832016
769682.016143,734786.411933,879585.000000,192420.504036,183696.602983,21989.625000,30104.263226
787627.861611,771068.691944,840044.392977,196906.965403,192767.172986,21001.109824,57793.484749
790043.537369,740337.575088,877106.702784,197510.884342,185084.393772,21927.667570,21749.499382
802804.680512,718485.336354,836800.800853,200701.170128,179621.334088,20920.020021,32641.783168
745179.126353,711247.699340,864030.308394,186294.781588,177811.924835,21600.757710,49728.592330
802857.488123,761992.931931,878077.687870,200714.372031,190498.232983,21951.942197,43244.750773
794365.705266,722565.157094,867816.061822,198591.426317,180641.289274,21695.401546,1773.406532
787273.453168,713748.980514,842226.122894,196818.363292,178437.245128,21055.653072,27607.353626
799485.472179,719887.532812,871498.582147,199871.368045,179971.883203,21787.464554,6718.904868
791715.154187,720499.105566,867930.000000,197928.788547,180124.776391,21698.250000,2122.023371
768368.819279,707175.853957,853798.084325,192092.204820,176793.963489,21344.952108,32231.709050
801838.492164,770627.748231,819514.024425,200459.623041,192656.937058,20487.850611,69967.516634
769842.844425,705260.068877,842131.956962,192460.711106,176315.017219,21053.298924,38622.800762
763653.477371,745779.750844,867636.340634,190913.369343,186444.937711,21690.908516,39078.528247
762636.446127,682870.509500,830102.466117,190659.111532,170717.627375,20752.561653,62127.387684
761991.800506,724448.986113,847571.986113,190497.950127,181112.246528,21189.299653,38004.866847
787862.675460,753804.613638,880229.121757,196965.668865,188451.153409,22005.728044,35566.068630
779928.179391,722797.478536,876830.550610,194982.044848,180699.369634,21920.763765,16502.962976
800786.550375,714779.797917,843575.685097,200196.637594,178694.949479,21089.392127,26209.541099
776165.582440,732701.172467,890583.798302,194041.395610,183175.293117,22264.594958,30922.329325
800336.087218,729312.779586,878914.970381,200084.021804,182328.194897,21972.874260,15194.142969
823373.594301,722044.736534,870044.165417,205843.398575,180511.184134,21751.104135,29668.515924
772939.461546,765155.468917,879375.000000,193234.865387,191288.867229,21984.375000,50202.030741
804273.981149,741608.151580,824590.732929,201068.495287,185402.037895,20614.768323,49291.830506
772539.757086,724214.300142,877017.131691,193134.939271,181053.575036,21925.428292,23290.808753
804667.086832,783903.885314,830811.744933,201166.771708,195975.971329,20770.293623,73997.783182
758994.213242,714765.585982,865637.573516,189748.553310,178691.396495,21640.939338,35420.060141
813102.934106,713831.540508,853568.845980,203275.733527,178457.885127,21339.221150,25170.658434
767488.714657,705984.549473,870769.212915,191872.178664,176496.137368,21769.230323,30361.226286
767007.347639,768115.097627,845584.291569,191751.836910,192028.774407,21139.607289,58753.591943
758249.562063,696923.009880,888618.811613,189562.390516,174230.752470,22215.470290,47543.531926
775787.114403,744157.627169,873367.207010,193946.778601,186039.406792,21834.180175,29877.677735
775425.000000,711065.167489,900231.352228,193856.250000,177766.291872,22505.783806,38313.672376
779538.725162,722680.963948,854815.144208,194884.681291,180670.240987,21370.378605,19551.359133
780640.166797,770329.684064,858417.517266,195160.041699,192582.421016,21460.437932,52046.490226
781882.887710,713491.261566,880131.000000,195470.721927,178372.815391,22003.275000,18494.906476
753225.375494,726249.744039,842896.062120,188306.343873,181562.436010,21072.401553,48045.977775
771439.181018,714077.175374,814048.093932,192859.795255,178519.293844,20351.202348,58870.668034
740317.115831,713422.530752,843957.111254,185079.278958,178355.632688,21098.927781,59139.743390
798199.624965,748667.474058,883092.863976,199549.906241,187166.868515,22077.321599,31865.367448
773631.474895,730385.598273,862997.926832,193407.868724,182596.399568,21574.948171,22849.488161
820160.555142,758063.403441,872930.127465,205040.138786,189515.850860,21823.253187,45818.647313
801711.638873,712533.659025,825909.000000,200427.909718,178133.414756,20647.725000,43717.771074
776333.438063,734036.861790,891974.109453,194083.359516,183509.215447,22299.352736,32374.324137
817597.629297,725766.335967,870304.869773,204399.407324,181441.583992,21757.621744,24397.980656
771227.720358,699089.229114,840381.203468,192806.930089,174772.307279,21009.530087,41862.021070
779583.173760,720616.539230,878949.002105,194895.793440,180154.134808,21973.725053,17891.643280
798660.215531,738802.960408,870093.000000,199665.053883,184700.740102,21752.325000,18654.256872
783445.684915,779163.953254,839349.000000,195861.421229,194790.988313,20983.725000,65774.407533
768540.034185,737046.631999,852549.217544,192135.008546,184261.658000,21313.730439,33753.850506
772748.477516,732708.648420,859538.729386,193187.119379,183177.162105,21488.468235,25593.718866
783409.453150,709524.558851,843590.943533,195852.363287,177381.139713,21089.773588,28932.575035
773055.302159,719725.644881,870254.593645,193263.825540,179931.411220,21756.364841,20883.904292
799170.555301,716973.328332,847002.503317,199792.638825,179243.332083,21175.062583,22105.912437
765325.552459,739763.027165,871819.064107,191331.388115,184940.756791,21795.476603,34348.672251
758798.177543,715891.063954,866188.652943,189699.544386,178972.765988,21654.716324,35402.181446
786699.261371,696218.127064,842826.346565,196674.815343,174054.531766,21070.658664,36022.823025
751022.814328,705103.449095,864850.561826,187755.703582,176275.862274,21621.264046,45710.133923
762455.132380,749809.308553,866701.181613,190613.783095,187452.327138,21667.529540,42651.917289
785882.459006,722670.234906,892369.601903,196470.614751,180667.558726,22309.240048,25605.684353
761951.356338,718532.498768,876384.408220,190487.839084,179633.124692,21909.610206,32991.404802
794856.795928,738093.151225,892911.947154,198714.198982,184523.287806,22322.798679,30217.359455
772405.158608,739967.206789,896889.105123,193101.289652,184991.801697,22422.227628,40627.760043
748266.457063,750683.096560,836676.612589,187066.614266,187670.774140,20916.915315,62811.656368
775949.796829,741844.681644,873779.032760,193987.449207,185461.170411,21844.475819,28092.131045
775676.063001,740948.870920,875718.919710,193919.015750,185237.217730,21892.972993,28074.486191
767924.821238,735016.338860,880560.753837,191981.205309,183754.084715,22014.018846,31998.834023
755056.027109,725917.464454,840678.621026,188764.006777,181479.366113,21016.965526,47711.695627
725009.791732,743176.957310,894979.192311,181252.447933,185794.239328,22374.479808,77139.258363
787821.852303,731541.577067,844483.218865,196955.463076,182885.394267,21112.080472,26561.696194
790398.090960,694705.837466,838116.171526,197599.522740,173676.459366,20952.904288,39948.754134
779905.797838,786121.989808,839860.989808,194976.449459,196530.497452,20996.524745,72401.682393
772613.364973,731628.625110,867100.253884,193153.341243,182907.156278,21677.506347,23757.657436
790786.838312,736512.285958,877021.371752,197696.709578,184128.071490,21925.534294,18233.838484
802049.568431,721772.505434,846591.448693,200512.392108,180443.126359,21164.786217,23036.767206
804035.293706,741347.119863,861854.070472,201008.823426,185336.779966,21546.351762,23694.828237
774646.450302,759067.308429,895623.525015,193661.612576,189766.827107,22390.588125,50806.797412
800060.025926,714544.427043,854514.092401,200015.006481,178636.106761,21362.852310,16242.446206
842583.937226,743728.788033,884985.414326,210645.984307,185932.197008,22124.635358,56455.597935
776317.277122,750196.523956,875864.753166,194079.319281,187549.130989,21896.618829,34982.652230
781525.287861,752424.930102,875610.782037,195381.321965,188106.232526,21890.269551,34648.258078
819357.107727,732925.664567,877186.227706,204839.276932,183231.416142,21929.655693,29680.336551
801000.838272,742903.150585,869975.938958,200250.209568,185725.787646,21749.398474,23223.879586
763762.045649,725955.598026,849436.803948,190940.511412,181488.899506,21235.920099,35704.973927
756122.490049,718349.806609,878497.206535,189030.622512,179587.451652,21962.430163,39167.008124
781268.613903,717885.284545,871903.871603,195317.153476,179471.321136,21797.596790,13438.526783
799381.203203,735396.510785,843914.500347,199845.300801,183849.127696,21097.862509,28725.032823
795991.417686,727455.285001,857089.943687,198997.854421,181863.821250,21427.248592,12980.204806
787831.622867,715426.155318,865410.000000,196957.905717,178856.538830,21635.250000,8526.758862
731316.559473,699542.421972,848844.960579,182829.139868,174885.605493,21221.124014,68772.489667
779431.310648,753312.408444,866277.710172,194857.827662,188328.102111,21656.942754,35489.763790
786928.999091,756258.883355,879870.702595,196732.249773,189064.720839,21996.767565,37892.036144
790092.132675,746502.123625,896263.711700,197523.033169,186625.530906,22406.592792,38250.095262
765111.788739,724032.152726,871443.307684,191277.947185,181008.038182,21786.082692,29045.252397
812822.646932,703108.823876,854765.901823,203205.661733,175777.205969,21369.147546,29261.602889
785738.190622,692961.039387,842297.670583,196434.547655,173240.259847,21057.441765,38866.759103
790868.065731,718942.795365,869820.000000,197717.016433,179735.698841,21745.500000,3929.251947
792865.759175,757209.677234,883739.655250,198216.439794,189302.419309,22093.491381,39546.105935
793226.527326,758683.409552,883573.917326,198306.631832,189670.852388,22089.347933,40833.354017
799243.718858,714329.708189,844441.895252,199810.929715,178582.427047,21111.047381,25134.740058
733612.888777,735036.326489,840421.905742,183403.222194,183759.081622,21010.547644,67720.788647
783742.375131,758086.064130,879360.973447,195935.593783,189521.516033,21984.024336,40130.584028
747831.000000,687857.868773,859946.113324,186957.750000,171964.467193,21498.652833,57191.649807
781300.774690,711312.674302,885773.801554,195325.193673,177828.168575,22144.345039,23689.060734
770787.399550,717977.169740,839300.805753,192696.849887,179494.292435,20982.520144,36960.024748
778502.314643,722313.874953,854343.000000,194625.578661,180578.468738,21358.575000,20602.333162
760232.087971,746685.466114,854549.583316,190058.021993,186671.366529,21363.739583,44427.667397
802221.192144,727939.944682,880108.569202,200555.298036,181984.986171,22002.714230,16284.532639
740762.661158,712702.536745,816258.216381,185190.665289,178175.634186,20406.455410,74598.509789
774999.256505,729450.016736,858670.622138,193749.814126,182362.504184,21466.765553,22686.331782
771355.036278,707825.545916,868136.178145,192838.759069,176956.386479,21703.404454,25972.506654
791184.027113,730052.109313,879169.112297,197796.006778,182513.027328,21979.227807,14607.692126
794799.231496,737016.000000,880567.921121,198699.807874,184254.000000,22014.198028,20406.625229
792429.615931,722488.285495,874112.570991,198107.403983,180622.071374,21852.814275,6383.204944
813684.202202,734368.873514,880055.574117,203421.050550,183592.218378,22001.389353,26838.576706
802437.159046,766171.001426,880005.114288,200609.289761,191542.750357,22000.127857,47599.227135
767554.989241,737468.823293,873904.029508,191888.747310,184367.205823,21847.600738,31568.353163
769691.688107,750596.026934,880740.040400,192422.922027,187649.006733,22018.501010,40280.027302
761929.763252,728127.946238,870786.000000,190482.440813,182031.986559,21769.650000,32781.888144
776331.528624,732105.854488,894806.471376,194082.882156,183026.463622,22370.161784,33831.409637
780832.049949,765529.483655,862600.449851,195208.012487,191382.370914,21565.011246,46787.419022
786131.026706,746253.780711,878226.075924,196532.756677,186563.445178,21955.651898,28355.633802
776134.728672,763783.612651,880028.589886,194033.682168,190945.903163,22000.714747,47883.882374
784723.242081,723812.712035,860653.240334,196180.810520,180953.178009,21516.331008,12076.277627
779839.130664,757793.935847,863201.553740,194959.782666,189448.483962,21580.038843,39737.313245
764193.843804,724193.052490,879269.201832,191048.460951,181048.263123,21981.730046,31812.586466
775257.228215,770548.789986,847782.208960,193814.307054,192637.197497,21194.555224,56742.806739
770424.678866,702751.511244,840486.834009,192606.169717,175687.877811,21012.170850,40460.753705
778753.265174,716850.634360,828163.721163,194688.316293,179212.658590,20704.093029,42847.812982
783688.235872,730889.851702,879878.729688,195922.058968,182722.462926,21996.968242,18464.382882
783498.338192,729823.575586,873643.358085,195874.584548,182455.893896,21841.083952,14710.469558
796711.732436,728059.398198,878110.048654,199177.933109,182014.849550,21952.751216,12659.747616
768795.159153,706496.108095,869984.920423,192198.789788,176624.027024,21749.623011,28916.663058
802032.435709,754214.462730,847433.346437,200508.108927,188553.615682,21185.833661,40043.845265
779241.089854,707177.955073,834233.322112,194810.272463,176794.488768,20855.833053,39317.181026
787197.935657,703628.253579,855465.204412,196799.483914,175907.063395,21386.630110,22387.594526
750846.746610,719507.048532,864346.421630,187711.686652,179876.762133,21608.660541,43130.001869
783503.790710,712385.278930,880926.139527,195875.947677,178096.319733,22023.153488,18533.950620
785420.144902,699343.694291,840806.502940,196355.036226,174835.923573,21020.162574,35762.422742
781601.078004,709594.170472,882305.140580,195400.269501,177398.542618,22057.628514,21885.519007
802524.775338,719441.893515,833145.496720,200631.193835,179860.473379,20828.637418,36039.289015
782499.068042,729883.261832,870099.869084,195624.767011,182470.815458,21752.496727,14565.902247
772742.638546,723053.196301,886360.256343,193185.659636,180763.299075,22159.006409,27961.495968
806332.988740,746700.130994,864608.166949,201583.247185,186675.032748,21615.204174,28888.822138
784329.000000,735926.328319,883812.661917,196082.250000,183981.582080,22095.316548,23719.511071
795969.156807,728116.505162,871244.309855,198992.289202,182029.126291,21781.107746,8167.950495
794041.840132,718446.947120,868805.939874,198510.460033,179611.736780,21720.148497,2578.020572
763901.227836,740416.726505,869717.720999,190975.306959,185104.181626,21742.943025,35731.369978
746823.000000,717609.995742,889654.870017,186705.750000,179402.498936,22241.371750,51792.265922
790037.386492,739139.694016,888296.614158,197509.346623,184784.923504,22207.415354,27480.962089
767050.436076,710130.616644,864780.000000,191762.609019,177532.654161,21619.500000,29019.876517
802146.339079,727194.454327,885082.953078,200536.584770,181798.613582,22127.073827,19960.333235
778158.603620,731208.958334,875032.047557,194539.650905,182802.239583,21875.801189,19971.073837
764460.383085,738688.187347,853293.833626,191115.095771,184672.046837,21332.345841,37351.165029
789066.564331,742662.123980,896973.085554,197266.641083,185665.530995,22424.327139,36474.402603
781803.296770,710463.259138,881664.000000,195450.824192,177615.814785,22041.600000,20912.835121
804019.784954,761500.207105,859568.406966,201004.946239,190375.051776,21489.210174,42717.468075
744459.044627,703689.737869,863567.235151,186114.761157,175922.434467,21589.180879,52445.915792
784600.393129,694856.360166,869493.696565,196150.098282,173714.090042,21737.342414,27661.744574
798832.145976,720158.882144,859288.416098,199708.036494,180039.720536,21482.210402,10161.505623
771994.703303,765651.708960,844253.714616,192998.675826,191412.927240,21106.342865,55179.828832
772442.683018,713414.622120,858218.474073,193110.670754,178353.655530,21455.461852,24681.850443
780461.779642,703651.820081,870713.119935,195115.444911,175912.955020,21767.827998,21963.693696
792069.502634,726583.887450,860792.897323,198017.375659,181645.971863,21519.822433,9395.986428
799797.252382,726764.445390,878656.577126,199949.313095,181691.111348,21966.414428,13499.073764
811596.318684,710549.252089,826892.408646,202899.079671,177637.313022,20672.310216,46051.222608
797101.393863,731116.500208,892855.641170,199275.348466,182779.125052,22321.391029,26999.962215
759997.380943,743252.595292,882898.412784,189999.345236,185813.148823,22072.460320,43138.643620
804552.428827,731219.032326,879166.396501,201138.107207,182804.758081,21979.159913,18574.509510
773656.961124,765404.832589,846940.074151,193414.240281,191351.208147,21173.501854,53219.210497
787112.611215,704770.121662,840726.577903,196778.152804,176192.530416,21018.164448,32453.891172
785808.035052,773827.622542,839637.780020,196452.008763,193456.905636,20990.944500,60606.847993
798181.929836,728623.834779,846935.330442,199545.482459,182155.958695,21173.383261,22932.567257
773611.100149,762623.784829,843242.236738,193402.775037,190655.946207,21081.055918,52577.465768
791090.888600,721237.421364,835029.767330,197772.722150,180309.355341,20875.744183,33162.062673
762250.492513,716855.879264,866735.801156,190562.623128,179213.969816,21668.395029,31829.125774
790570.476271,760746.978826,839018.229440,197642.619068,190186.744706,20975.455736,49417.698825
826779.503119,683736.018421,852663.000000,206694.875780,170934.004605,21316.575000,52034.752479
804818.972489,714406.438142,855296.517232,201204.743122,178601.609535,21382.412931,18090.933103
798213.682881,742093.132532,878764.344885,199553.420720,185523.283133,21969.108622,24135.375397
779954.782187,761298.793460,862050.000000,194988.695547,190324.698365,21551.250000,43118.971383
777407.988169,732124.936269,885719.639943,194351.997042,183031.234067,22142.990999,26559.600905
793109.809648,736384.453743,880518.466007,198277.452412,184096.113436,22012.961650,19867.094421
810283.168903,717886.220056,829764.788703,202570.792226,179471.555014,20744.119718,41822.783535
786683.880754,755640.946819,880779.066293,196670.970188,188910.236705,22019.476657,37658.587848
791107.160255,719702.016083,870711.459501,197776.790064,179925.504021,21767.786488,3948.080644
781476.373771,757673.231507,886101.918178,195369.093443,189418.307877,22152.547954,42756.829069
787916.332751,721435.320179,836346.109983,196979.083188,180358.830045,20908.652750,32277.566633
794629.425614,766686.351159,880017.366100,198657.356403,191671.587790,22000.434152,47316.587218
776039.459649,715589.215995,878388.000000,194009.864912,178897.303999,21959.700000,21206.060837
815758.912345,746971.225797,888747.307981,203939.728086,186742.806449,22218.682700,39861.944208
766250.538549,700069.384696,879661.430353,191562.634637,175017.346174,21991.535759,36426.769218
790524.328840,721864.487717,869737.956181,197631.082210,180466.121929,21743.448905,3786.999110
793555.560735,719204.260987,883246.324027,198388.890184,179801.065247,22081.158101,15263.551836
748486.868362,753407.103270,835215.923766,187121.717090,188351.775817,20880.398094,64720.894406
758965.060707,720371.082997,866782.670735,189741.265177,180092.770749,21669.566768,34855.229789
803783.231079,744949.429883,886826.695881,200945.807770,186237.357471,22170.667397,32081.983351
794053.242492,718804.590637,869193.264710,198513.310623,179701.147659,21729.831618,2394.146383
760848.625595,754704.709559,841918.925119,190212.156399,188676.177390,21047.973128,53961.887783
761846.007782,707524.621123,840455.018232,190461.501946,176881.155281,21011.375456,44303.508513
794770.890429,713991.929020,852847.668734,198692.722607,178497.982255,21321.191718,16757.511153
800697.914658,728791.613223,886432.447778,200174.478665,182197.903306,22160.811194,21134.222346
789268.374999,741692.153000,892374.000000,197317.093750,185423.038250,22309.350000,32289.977316
785557.877427,737392.312904,877334.278406,196389.469357,184348.078226,21933.356960,20619.772436
795470.014156,725623.589609,852257.284605,198867.503539,181405.897402,21306.432115,16595.506601
808844.397942,744913.662420,868956.114826,202211.099485,186228.415605,21723.902871,28348.087929
782535.109133,726502.599721,837456.853968,195633.777283,181625.649930,20936.421349,33102.782525
760711.909067,717373.401854,862199.153257,190177.977267,179343.350463,21554.978831,33784.170237
782574.170318,717791.829682,836125.030722,195643.542579,179447.957421,20903.125768,34009.855657
765416.580792,725604.925486,850353.614761,191354.145198,181401.231371,21258.840369,33785.355672
783306.272931,739264.337224,883735.947182,195826.568233,184816.084306,22093.398680,26306.164118
790932.042991,714402.398799,844892.423297,197733.010748,178600.599700,21122.310582,24252.132163
804142.558839,726817.142430,887467.837792,201035.639710,181704.285607,22186.695945,22758.301492
780719.992466,757187.347285,890475.474475,195179.998117,189296.836821,22261.886862,44594.009657
779734.399729,753552.268111,873062.799459,194933.599932,188388.067028,21826.569986,35890.007750
799491.284942,727976.006625,852642.786249,199872.821236,181994.001656,21316.069656,17909.386781
778115.083893,728797.635507,870711.448386,194528.770973,182199.408877,21767.786210,17746.452256
793415.935247,726618.715009,851146.377503,198353.983812,181654.678752,21278.659438,17874.598218
782955.508158,760238.374082,887736.538874,195738.877040,190059.593520,22193.413472,45284.516133
769123.703074,743679.921446,896801.924904,192280.925768,185919.980362,22420.048123,44181.831671
787455.037908,754922.769725,885079.192418,196863.759477,188730.692431,22126.979810,38550.411034
737867.974223,737174.107728,840296.564663,184466.993556,184293.526932,21007.414117,64529.080258
775989.884241,770125.639479,847453.543948,193997.471060,192531.409870,21186.338599,56256.040125
756190.716859,710578.642214,860097.970397,189047.679215,177644.660554,21502.449260,39802.825562
759936.888812,749544.050954,867038.782450,189984.222203,187386.012739,21675.969561,44353.986312
777679.557999,738045.926068,873842.694391,194419.889500,184511.481517,21846.067360,24218.338997
771831.963063,691990.635460,846899.989378,192957.990766,172997.658865,21172.499734,42036.294367
762553.148002,749074.968892,881144.729416,190638.287001,187268.742223,22028.618235,44044.649680
788481.691837,699228.120215,848669.969946,197120.422959,174807.030054,21216.749249,29579.821280
777212.901294,763663.013899,885521.034603,194303.225324,190915.753475,22138.025865,49061.669513
774508.300960,728424.147475,824635.770242,193627.075240,182106.036869,20615.894256,48122.288192
795792.962785,721054.419211,869255.037215,198948.240696,180263.604803,21731.375930,2325.081312
764811.224525,740618.330156,870545.532446,191202.806131,185154.582539,21763.638311,35134.901625
816892.376273,723436.245120,892152.245439,204223.094068,180859.061280,22303.806136,33458.816593
773135.082749,715131.257332,859559.005504,193283.770687,178782.814333,21488.975138,23079.998556
792975.810511,687022.552332,834045.437898,198243.952628,171755.638083,20851.135947,48033.750077
781519.416056,763189.869713,861676.363415,195379.854014,190797.467428,21541.909085,44490.216729
800943.720273,732221.989222,888862.455993,200235.930068,183055.497305,22221.561400,24719.707363
761485.831938,698426.292042,887339.522075,190371.457984,174606.573011,22183.488052,43818.316697
780994.335179,772160.583795,856373.208471,195248.583795,193040.145949,21409.330212,54107.823264
807909.812759,736898.613371,877915.199389,201977.453190,184224.653343,21947.879985,23489.220934
766815.499329,724660.161074,847049.423586,191703.874832,181165.040269,21176.235590,34410.687954
806158.104854,717870.823686,837627.000000,201539.526213,179467.705922,20940.675000,33008.032329
739101.873313,752921.903399,899103.061961,184775.468328,188230.475850,22477.576549,70557.284113
767092.580507,728981.725332,849828.991330,191773.145127,182245.431333,21245.724783,33333.817056
799534.227660,727916.476375,852769.227660,199883.556915,181979.119094,21319.230691,17790.774835
789258.507656,715061.161729,866144.661560,197314.626914,178765.290432,21653.616539,7647.457452
797854.496181,715179.633354,847378.597126,199463.624045,178794.908339,21184.464928,21860.149602
786031.282424,727648.687583,872262.542089,196507.820606,181912.171896,21806.563552,11097.714392
773596.904862,707061.626633,868319.466385,193399.226215,176765.406658,21707.986660,24487.165357
778743.000000,715057.397019,877189.483421,194685.750000,178764.349255,21929.737086,18538.733625
795030.401223,738506.958478,881895.000000,198757.600306,184626.739619,22047.375000,22407.837961
785352.293375,724677.645124,864113.589878,196338.073344,181169.411281,21602.839747,10058.393586
793077.507309,710762.566117,883085.436904,198269.376827,177690.641529,22077.135923,18127.423015
779543.728965,723025.228176,854509.497633,194885.932241,180756.307044,21362.737441,19790.260664
806198.407398,721470.791735,830109.095395,201549.601850,180367.697934,20752.727385,39950.285050
795343.073748,727160.095737,859480.289513,198835.768437,181790.023934,21487.007238,10744.745289
802662.755355,743566.387088,871279.528595,200665.688839,185891.596772,21781.988215,24542.407976
775481.840256,707922.563631,871083.883119,193870.460064,176980.640908,21777.097078,22647.446243
785205.335072,712269.846936,843788.980877,196301.333768,178067.461734,21094.724522,27173.555399
775619.360383,763144.210209,881555.182395,193904.840096,190786.052552,22038.879560,47913.701840
801716.443749,679231.110817,830511.736028,200429.110937,169807.777704,20762.793401,56666.871791
761750.669805,698393.395191,887416.066558,190437.667451,174598.348798,22185.401664,43674.222835
794652.433538,714000.853894,852498.547607,198663.108384,178500.213474,21312.463690,17065.481882
815005.405206,754057.831651,872689.714711,203751.351301,188514.457913,21817.242868,39625.362694
772156.416592,771015.804080,846309.741517,193039.104148,192753.951020,21157.743538,58760.825841
773211.369979,766224.565681,878745.000000,193302.842495,191556.141420,21968.625000,50900.841665
783106.148936,720126.783568,874196.343373,195776.537234,180031.695892,21854.908584,12337.235036
771431.766995,759469.971396,896830.971396,192857.941749,189867.492849,22420.774285,53043.604838
788323.987868,733005.530035,845850.367565,197080.996967,183251.382509,21146.259189,25892.198590
804492.611496,713253.937527,843411.345472,201123.152874,178313.484382,21085.283637,27957.651456
774228.000000,708739.036849,864426.989751,193557.000000,177184.759212,21610.674744,23327.628342
789570.175625,728569.520625,880752.438483,197392.543906,182142.380156,22018.810962,15398.486824
763720.654757,754173.394656,868261.686857,190930.163689,188543.348664,21706.542171,44843.118719
768879.071990,793376.773550,847743.054980,192219.767997,198344.193388,21193.576374,79284.099633
765840.683733,752219.939958,851707.793948,191460.170933,188054.984990,21292.694849,45052.888875
783785.510672,757580.589111,878833.088024,195946.377668,189395.147278,21970.827201,39504.905047
793461.490006,760843.523920,881219.853164,198365.372501,190210.880980,22030.496329,42042.966698
798857.153771,752757.668662,886174.514891,199714.288443,188189.417166,22154.362872,36979.300233
801322.437604,742534.731887,870164.018192,200330.609401,185633.682972,21754.100455,22994.915839
763212.159847,745319.192131,867471.619318,190803.039962,186329.798033,21686.790483,39133.145186
768910.268192,728023.205083,854133.000000,192227.567048,182005.801271,21353.325000,29398.053169
744717.025067,715858.537253,829920.199019,186179.256267,178964.634313,20748.004975,62370.030059
773428.375448,765625.469766,846989.527027,193357.093862,191406.367442,21174.738176,53470.901970
787706.959461,728406.636386,844719.849935,196926.739865,182101.659097,21117.996248,25277.537005
787618.252420,732807.650630,847029.841135,196904.563105,183201.912657,21175.746028,24956.482776
802871.989895,762982.963399,859826.790574,200717.997474,190745.740850,21495.669764,43827.665091
800113.303051,729807.360903,899180.090846,200028.325763,182451.840226,22479.502271,32960.175172
773346.517037,708166.190870,873511.343435,193336.629259,177041.547718,21837.783586,24695.565695
814590.474969,753875.990625,873437.777207,203647.618742,188468.997656,21835.944430,39346.800931
773258.625463,733806.722781,878181.936116,193314.656366,183451.680695,21954.548403,26268.719659
799571.346456,751934.149719,854197.335243,199892.836614,187983.537430,21354.933381,34478.271311
783715.569650,723662.653924,858006.759627,195928.892413,180915.663481,21450.168991,14511.813754
774850.747436,699401.406957,874204.276324,193712.686859,174850.351739,21855.106908,29305.483335
793009.320253,723220.538733,872954.781521,198252.330063,180805.134683,21823.869538,5451.964586
801556.022934,715305.848041,843956.279131,200389.005734,178826.462010,21098.906978,25954.153179
805441.091115,749199.885092,863419.278727,201360.272779,187299.971273,21585.481968,30949.223070
768168.965714,737825.330260,873998.347835,192042.241428,184456.332565,21849.958696,31269.198747
796540.308221,721471.374069,865137.000000,199135.077055,180367.843517,21628.425000,4065.936229
804841.900612,783277.153846,831220.153846,201210.475153,195819.288461,20780.503846,73284.786371
777793.503648,758113.889595,892097.735405,194448.375912,189528.472399,22302.443385,47085.897253
780183.080353,750157.237787,875102.920582,195045.770088,187539.309447,21877.573015,33015.784385
801429.249937,727547.955957,883999.588294,200357.312484,181886.988989,22099.989707,18863.984022
788509.362083,738542.457994,887478.217516,197127.340521,184635.614498,22186.955438,26742.685260
772439.136305,733878.052198,858398.988157,193109.784076,183469.513049,21459.974704,26793.451295
798175.186816,749744.850835,883491.000000,199543.796704,187436.212709,22087.275000,32989.016562
799628.514644,718316.434053,846210.972166,199907.128661,179579.108513,21155.274304,22782.350529
772879.559274,762323.220363,843749.307377,193219.889818,190580.805091,21093.732684,52388.293142
806998.627000,720980.844037,878178.000000,201749.656750,180245.211009,21954.450000,16624.978405
783873.436819,716745.101681,881466.140118,195968.359205,179186.275420,22036.653503,17172.546848
806040.711501,745786.416763,865377.398095,201510.177875,186446.604191,21634.434952,27861.633318
779880.377879,741031.808070,873659.622121,194970.094470,185257.952017,21841.490553,25092.490197
793872.718213,722923.821008,870680.039092,198468.179553,180730.955252,21767.000977,3290.934980
766229.802265,722956.561315,871730.446554,191557.450566,180739.140329,21793.261164,27878.255101
796681.093913,721742.679737,868156.906087,199170.273478,180435.669934,21703.922652,3008.233443
805858.745353,722675.343023,829922.912099,201464.686338,180668.835756,20748.072802,40058.622066
763814.462867,725426.613402,871987.739899,190953.615717,181356.653351,21799.693497,30566.992505
790684.326792,722678.658527,870726.836604,197671.081698,180669.664632,21768.170915,4449.562720
791134.479226,720103.170294,874841.952961,197783.619806,180025.792574,21871.048824,7309.868355
780922.985515,699012.032271,849800.020582,195230.746379,174753.008068,21245.000515,31292.212835
779354.974421,722539.536239,854495.423165,194838.743605,180634.884060,21362.385579,19890.458664
787105.616154,695806.848461,847400.925116,196776.404038,173951.712115,21185.023128,33202.404666
781257.489122,757214.408554,889175.427482,195314.372281,189303.602138,22229.385687,43821.071709
785866.985003,717401.416129,872747.802265,196466.746251,179350.354032,21818.695057,9843.290665
782037.392077,704260.326707,880255.649413,195509.348019,176065.081677,22006.391235,23739.466551
775342.709410,742640.603216,853355.017331,193835.677352,185660.150804,21333.875433,32085.938983
793236.503743,724159.460949,871557.420224,198309.125936,181039.865237,21788.935506,4793.018445
812436.536833,758672.762426,876372.000000,203109.134208,189668.190607,21909.300000,42924.972904
744524.189384,687772.429463,865846.762306,186131.047346,171943.107366,21646.169058,59416.079880
774976.379626,750255.619500,876991.357938,193744.094906,187563.904875,21924.783948,35982.254524
744551.749819,731358.914986,836150.342156,186137.937455,182839.728746,20903.758554,59609.788726
760117.229416,708356.515761,855978.649777,190029.307354,177089.128940,21399.466244,37920.609274
765383.617325,691202.534823,849690.150693,191345.904331,172800.633706,21242.253767,45029.295188
841587.080674,779465.715001,851963.616530,210396.770168,194866.428750,21299.090413,77285.920703
756636.424311,683700.884909,809040.882633,189159.106078,170925.221227,20226.022066,79060.252957
816212.787756,753709.369388,871941.000000,204053.196939,188427.342347,21798.525000,39919.029026
789371.871663,715971.754117,866549.727332,197342.967916,178992.938529,21663.743183,6800.425897
774227.470727,735965.470727,851312.585116,193556.867682,183991.367682,21282.814628,29843.666535
772081.873683,720154.115692,869409.343536,193020.468421,180038.528923,21735.233588,21763.848017
786534.825354,731633.573907,881906.767544,196633.706339,182908.393477,22047.669189,18944.234484
793245.279562,718031.933264,868912.121030,198311.319890,179507.983316,21722.803026,3043.532243
786302.859848,705503.722871,860848.229353,196575.714962,176375.930718,21521.205734,18592.403846
763508.576890,700465.843552,858681.500715,190877.144223,175116.460888,21467.037518,37726.638656
780874.848448,724310.877514,880988.940871,195218.712112,181077.719378,22024.723522,18576.144218
771659.282955,766519.966530,844635.775066,192914.820739,191629.991632,21115.894377,55856.426105
795625.052872,714882.269091,881606.848173,198906.263218,178720.567273,22040.171204,14921.298111
763956.843107,746864.405018,867617.751876,190989.210777,186716.101254,21690.443797,39548.517312
774385.229367,719943.705537,870034.670810,193596.307342,179985.926384,21750.866770,19528.782558
786936.720649,716782.507240,870439.058905,196734.180162,179195.626810,21760.976473,8341.444983
788477.024088,717443.123264,867322.284269,197119.256022,179360.780816,21683.057107,6389.716180
798544.432334,738625.777047,842004.461686,199636.108084,184656.444262,21050.111542,31881.639464
781961.198390,697341.238601,848770.333724,195490.299598,174335.309650,21219.258343,32683.685858
789290.222129,727170.113219,883341.610356,197322.555532,181792.528305,22083.540259,17099.614517
805520.672652,755743.053545,846747.160634,201380.168163,188935.763386,21168.679016,42498.620602
776217.680190,725020.330197,903636.389911,194054.420047,181255.082549,22590.909748,39875.115547
782840.844025,758084.101768,883557.205751,195710.211006,189521.025442,22088.930144,41731.693683
768913.420224,744599.948961,897508.847840,192228.355056,186149.987240,22437.721196,45236.149951
789531.170089,727218.300126,839109.175029,197382.792522,181804.575031,20977.729376,29954.686757
787788.005738,745595.813654,873589.395194,196947.001435,186398.953414,21839.734880,25997.875404
817666.783271,755384.417984,873266.221562,204416.695818,188846.104496,21831.655539,42255.479731
789274.998587,725902.110033,837526.185939,197318.749647,181475.527508,20938.154648,31287.057874
802671.228690,679857.452354,814766.942812,200667.807173,169964.363088,20369.173570,67869.508846
759196.081728,747302.612833,855409.566715,189799.020432,186825.653208,21385.239168,45322.103078
799378.052324,719999.185589,863031.294170,199844.513081,179999.796397,21575.782354,7584.151551
763573.691742,745251.330751,863489.101593,190893.422936,186312.832688,21587.227540,39074.547396
791597.046898,760952.493679,888301.301470,197899.261725,190238.123420,22207.532537,44914.143945
797385.532760,723569.926547,856660.418386,199346.383190,180892.481637,21416.510460,12264.019524
779875.376874,752414.684629,867819.315371,194968.844219,188103.671157,21695.482884,34444.325106
767263.617471,746625.251017,880170.539634,191815.904368,186656.312754,22004.263491,38875.612254
760999.661482,759185.892825,872717.231465,190249.915370,189796.473206,21817.930787,50616.582858
792679.242025,725536.244350,876855.000000,198169.810506,181384.061088,21921.375000,9982.960537
767812.042720,704639.622368,870442.317529,191953.010680,176159.905592,21761.057938,30744.086182
790385.721850,716009.008848,868581.000000,197596.430463,179002.252212,21714.525000,5987.808125
767890.704605,769427.443838,844722.599233,191972.676151,192356.860959,21118.064981,59754.344646
764962.954757,695772.697892,833013.936498,191240.738689,173943.174473,20825.348412,51889.556475
779729.947053,757241.540179,863418.448324,194932.486763,189310.385045,21585.461208,39237.705578
786476.444776,705185.730134,858207.364740,196619.111194,176296.432534,21455.184118,19954.349023
794979.005116,725434.829307,862356.792759,198744.751279,181358.707327,21558.919819,7392.987612
787758.798205,769448.399782,839428.135435,196939.699551,192362.099945,20985.703386,56687.734810
792118.912620,725491.458109,870405.716651,198029.728155,181372.864527,21760.142916,5405.207448
756001.446604,780949.804495,842373.175186,189000.361651,195237.451124,21059.329380,75458.498892
805025.033869,714523.924404,855045.958273,201256.258467,178630.981101,21376.148957,18352.757691
766575.989826,714008.653227,845947.336599,191643.997457,178502.163307,21148.683415,35751.461297
796359.664512,686648.272474,832703.347990,199089.916128,171662.068119,20817.583700,49313.581685
783778.277395,729928.826628,828575.570428,195944.569349,182482.206657,20714.389261,41740.267240
784071.940322,718674.952693,875384.774440,196017.985081,179668.738173,21884.619361,12362.272850
805719.445842,674446.325781,829552.674219,201429.861461,168611.581445,20738.816855,61524.840247
744588.997571,750572.866857,905226.000000,186147.249393,187643.216714,22630.650000,68416.117178
792616.826604,754246.444785,885241.173396,198154.206651,188561.611196,22131.029335,37514.514598
763393.693307,708673.401112,841871.597083,190848.423327,177168.350278,21046.789927,41959.776491
791609.127001,714583.390403,844665.145605,197902.281750,178645.847601,21116.628640,24352.023067
790758.122453,720004.738559,872444.658029,197689.530613,180001.184640,21811.116451,5391.709739
779130.533878,745867.605128,872158.763109,194782.633470,186466.901282,21803.969078,29233.145323
791399.983433,717455.178764,868155.822792,197849.995858,179363.794691,21703.895570,4201.126854
771702.195609,723237.422035,885892.029178,192925.548902,180809.355509,22147.300729,28471.987084
779973.120829,720204.988185,840915.327674,194993.280207,180051.247046,21022.883192,30485.653506
743794.840287,698665.036181,832547.186259,185948.710072,174666.259045,20813.679656,65246.044103
789828.815244,714110.630655,814653.450930,197457.203811,178527.657664,20366.336273,54002.844453
768727.759658,704657.633701,846012.059696,192181.939915,176164.408425,21150.301492,37138.720199
805090.637159,713793.468060,854906.843833,201272.659290,178448.367015,21372.671096,18756.540453
789481.607542,756426.045838,885852.849609,197370.401885,189106.511459,22146.321240,39949.784060
830302.865278,722736.000000,873348.824941,207575.716319,180684.000000,21833.720624,36934.338813
770786.187794,747322.300170,852301.116460,192696.546949,186830.575042,21307.527912,38418.170369
812823.730875,707390.776905,826862.774772,203205.932719,176847.694226,20671.569369,47368.573504
790387.516260,717425.322469,868696.386178,197596.879065,179356.330617,21717.409654,4909.122553
789566.027356,715864.077621,870576.000000,197391.506839,178966.019405,21764.400000,7037.756301
795689.844593,721689.616444,865892.844593,198922.461148,180422.404111,21647.321115,2999.397796
805125.189190,718881.526236,859458.996530,201281.297297,179720.381559,21486.474913,14382.957761
804228.541915,742835.965602,864901.923116,201057.135479,185708.991401,21622.548078,24491.983490
789966.901541,759425.056623,890587.852067,197491.725385,189856.264156,22264.696302,44774.975531
792186.897986,717613.735908,869007.172984,198046.724497,179403.433977,21725.179325,3779.970651
800151.549474,719882.141481,858211.774737,200037.887368,179970.535370,21455.294368,11784.656340
790332.373036,719784.514832,871185.000000,197583.093259,179946.128708,21779.625000,4782.495442
798673.509181,708892.707774,848098.558052,199668.377295,177223.176943,21202.463951,23821.301423
778072.134067,736176.294932,873721.412572,194518.033517,184044.073733,21843.035314,22628.754957
781895.611288,722263.621236,868737.529065,195473.902822,180565.905309,21718.438227,11991.418506
779609.473615,733389.560693,874215.571614,194902.368404,183347.390173,21855.389290,19864.003902
765784.995583,699948.187809,880649.867639,191446.248896,174987.046952,22016.246691,37171.327605
745143.743026,750612.885743,904914.963239,186285.935757,187653.221436,22622.874081,67866.395664
785063.451409,730975.768817,870570.893914,196265.862852,182743.942204,21764.272348,13555.518505
774155.041027,741839.442975,853574.911076,193538.760257,185459.860744,21339.372777,32157.939415
798289.132870,759155.799494,876726.199578,199572.283217,189788.949873,21918.154989,39469.926999
803916.722557,740692.113576,856813.200450,200979.180639,185173.028394,21420.330011,24917.101134
803087.891389,711499.810504,827083.374272,200771.972847,177874.952626,20677.084357,43077.267176
787057.831826,729435.505774,881005.779200,196764.457957,182358.876443,22025.144480,16886.182033
800924.426285,717774.382257,847000.595399,200231.106571,179443.595564,21175.014885,22472.925114
763860.998862,741455.161968,869351.017955,190965.249716,185363.790492,21733.775449,36327.209921
784227.600392,720950.659495,889498.647778,196056.900098,180237.664874,22237.466194,23457.153117
768428.641949,707319.658411,853576.617181,192107.160487,176829.914603,21339.415430,32222.524296
798956.507469,741185.311133,857582.443307,199739.126867,185296.327783,21439.561083,23410.258023
792130.827526,721394.668550,873308.941265,198032.706881,180348.667137,21832.723532,5508.009352
778763.665427,767674.007513,862465.228419,194690.916357,191918.501878,21561.630710,49441.237430
725085.305695,743283.200974,895146.000000,181271.326424,185820.800243,22378.650000,77161.051165
790747.042501,729367.221218,878049.056302,197686.760625,182341.805305,21951.226408,13424.316495
786853.628891,724817.373248,840367.125129,196713.407223,181204.343312,21009.178128,28834.486756
778838.796228,769755.665697,850827.271695,194709.699057,192438.916424,21270.681792,53919.842183
811340.992388,740591.482065,885636.933336,202835.248097,185147.870516,22140.923333,31680.475189
799085.871537,729418.385008,896286.128463,199771.467884,182354.596252,22407.153212,29933.884007
786066.523793,720239.592714,887102.679972,196516.630948,180059.898179,22177.566999,20542.446404
767928.469287,768819.161246,845109.310903,191982.117322,192204.790311,21127.732773,59093.604988
796422.642303,724063.338077,847769.026086,199105.660576,181015.834519,21194.225652,20722.260944
798778.814799,726728.058668,873585.440200,199694.703700,181682.014667,21839.636005,9436.698391
777475.558969,786950.182809,842518.161582,194368.889742,196737.545702,21062.954040,72671.890999
771040.473141,696664.322103,816662.775651,192760.118285,174166.080526,20416.569391,61230.048605
795879.909860,737821.832870,880585.296336,198969.977465,184455.458217,22014.632408,21138.106500
782596.102164,755872.735462,892290.662122,195649.025541,188968.183866,22307.266553,43977.687691
793463.016317,719228.828172,870836.133536,198365.754079,179807.207043,21770.903338,3244.090067
774231.074145,741749.620336,853705.647510,193557.768536,185437.405084,21342.641188,31994.139589
792834.205215,760682.095176,881377.957203,198208.551304,190170.523794,22034.448930,41949.155935
775727.317263,769831.554781,847434.463611,193931.829316,192457.888695,21185.861590,56089.973682
801134.084748,742665.387652,869845.204109,200283.521187,185666.346913,21746.130103,23030.546486
755385.839839,719598.121011,865464.166469,188846.459960,179899.530253,21636.604162,38517.418220
788659.218945,720445.864012,885639.729673,197164.804736,180111.466003,22140.993242,18300.358390
801512.257100,731049.642316,833731.784262,200378.064275,182762.410579,20843.294607,36636.801211
746781.826750,741735.638522,878150.365860,186695.456688,185433.909631,21953.759146,52394.266709
800206.713745,724492.453619,848589.000000,200051.678436,181123.113405,21214.725000,20830.169015
772884.000000,730449.863961,885735.090045,193221.000000,182612.465990,22143.377251,28980.921937
783970.413839,720506.601400,875473.160069,195992.603460,180126.650350,21886.829002,12299.735418
791228.875849,729670.763278,870690.124151,197807.218962,182417.690820,21767.253104,9495.702911
778779.702790,726926.211248,882696.967871,194694.925697,181731.552812,22067.424197,21800.084492
746412.158402,717112.292615,885225.414769,186603.039600,179278.073154,22130.635369,50529.417491
783776.728510,778072.163895,838782.426783,195944.182127,194518.040974,20969.560670,65010.730601
782168.872188,704189.592888,880098.512791,195542.218047,176047.398222,22002.462820,23644.172352
796172.422749,723496.475471,864031.938977,199043.105687,180874.118868,21600.798474,5362.221161
766620.775634,717724.120944,853017.704533,191655.193908,179431.030236,21325.442613,31229.557540
747734.785685,740598.576931,876467.148335,186933.696421,185149.644233,21911.678708,50787.105327
808411.323540,697524.501390,823141.077774,202102.830885,174381.125348,20578.526944,52725.888886
763691.618275,754936.839525,868656.049447,190922.904569,188734.209881,21716.401236,45434.862522
800665.491276,726374.968633,878621.708173,200166.372819,181593.742158,21965.542704,13720.795879
766502.078406,747120.464653,881792.663557,191625.519601,186780.116163,22044.816589,40247.611924
799499.802202,719327.369448,867613.020439,199874.950550,179831.842362,21690.325511,5940.998976
761909.294603,726893.791243,848091.601081,190477.323651,181723.447811,21202.290027,38103.447240
779127.199190,756403.506272,863304.986958,194781.799797,189100.876568,21582.624674,38701.267393
782667.323540,739780.903111,883637.012942,195666.830885,184945.225778,22090.925324,26869.416627
788955.191835,731130.705629,882009.513793,197238.797959,182782.676407,22050.237845,17942.401682
787187.716905,688789.961357,844288.819334,196796.929226,172197.490339,21107.220483,40511.791357
778809.341592,757739.261590,891419.124152,194702.335398,189434.815397,22285.478104,46105.711137
782495.816270,739648.523834,885942.795780,195623.954068,184912.130958,22148.569894,28246.955119
797840.594506,727733.066867,880848.811329,199460.148627,181933.266717,22021.220283,15033.801847
787149.112712,712200.363507,841100.004615,196787.278178,178050.090877,21027.500115,29118.225148
772756.346036,788909.581097,847243.785216,193189.086509,197227.395274,21181.094630,74167.793657
776205.713093,732071.343242,894940.767173,194051.428273,183017.835810,22373.519179,33991.153741
778422.621154,708017.916721,833376.859791,194605.655289,177004.479180,20834.421495,40083.412946
788251.480986,714497.611914,842666.049624,197062.870246,178624.402978,21066.651241,26789.163856
795392.901157,719619.868285,868902.520630,198848.225289,179904.967071,21722.563016,2213.302514
792324.341509,719416.993868,877111.442223,198081.085377,179854.248467,21927.786056,9270.602427
798729.565346,742656.732563,883002.868074,199682.391336,185664.183141,22075.071702,26834.286113
792309.605344,723654.630124,869638.675012,198077.401336,180913.657531,21740.966875,3488.687253
781415.083878,716083.598787,871022.796019,195353.770969,179020.899697,21775.569900,13605.989422
783056.782130,697690.964168,870977.881589,195764.195533,174422.741042,21774.447040,25742.443032
783558.640516,720139.984587,888972.000000,195889.660129,180034.996147,22224.300000,23276.321832
792459.993718,720712.064704,872864.628845,198114.998429,180178.016176,21821.615721,4970.443095
781596.840558,757740.547694,886086.053929,195399.210139,189435.136924,22152.151348,42773.548620
804687.611025,741682.217890,857304.464065,201171.902756,185420.554473,21432.611602,25814.620726
796299.000000,726685.965513,879530.580959,199074.750000,181671.491378,21988.264524,13068.501779
799295.251282,718005.944325,856833.666231,199823.812821,179501.486081,21420.841656,12852.537690
798578.226604,754733.341804,850773.000000,199644.556651,188683.335451,21269.325000,38296.135083
794065.292533,722581.580571,870689.606459,198516.323133,180645.395143,21767.240161,3112.170722
780027.099771,728016.266280,874867.395278,195006.774943,182004.066570,21871.684882,16913.564452
746402.702985,749376.016040,901425.000000,186600.675746,187344.004010,22535.625000,64560.533098
738819.965228,742792.914624,885781.713941,184704.991307,185698.228656,22144.542849,61759.410388
778638.102210,763464.872263,862899.140782,194659.525552,190866.218066,21572.478520,45470.532186
791548.301490,720158.784957,872886.340106,197887.075372,180039.696239,21822.158503,5356.903153
757367.827451,693825.966588,839211.308186,189341.956863,173456.491647,20980.282705,53791.804642
813868.448686,756931.716672,875503.381102,203467.112172,189232.929168,21887.584528,41903.204433
787109.225535,710064.304144,882105.000000,196777.306384,177516.076036,22052.625000,18945.866023
816424.841355,751644.653502,889050.468706,204106.210339,187911.163376,22226.261718,43551.669705
806820.544617,755425.173713,846470.525161,201705.136154,188856.293428,21161.763129,42756.843414
763324.886478,745677.168333,866478.795009,190831.221619,186419.292083,21661.969875,39297.844263
773463.977708,789042.735953,846631.441918,193365.994427,197260.683988,21165.786048,74267.162175
767883.353956,706570.162673,853717.353292,191970.838489,176642.540668,21342.933832,32910.745047
768429.377824,769192.063748,844431.681262,192107.344456,192298.015937,21110.792032,59446.247945
803242.260541,747149.106700,876023.629773,200810.565135,186787.276675,21900.590744,29000.075157
762308.512722,718751.021302,876443.485898,190577.128180,179687.755325,21911.087147,32646.752131
794214.336882,738170.859541,895188.000000,198553.584220,184542.714885,22379.700000,32140.758423
805536.614798,718272.506773,829305.864882,201384.153700,179568.126693,20732.646622,40599.450187
750029.947175,720888.888638,835034.401718,187507.486794,180222.222159,20875.860043,54837.297513
753605.833974,717254.833974,864318.764099,188401.458493,179313.708493,21607.969102,40526.786912
802264.774812,722603.631958,847543.486678,200566.193703,180650.907989,21188.587167,22280.293090
820971.143635,733163.375407,878052.000000,205242.785909,183290.843852,21951.300000,31437.888910
795514.953557,719538.459793,882057.155125,198878.738389,179884.614948,22051.428878,14149.384252
802205.824933,729054.754057,832352.408911,200551.456233,182263.688514,20808.810223,37598.175710
783212.578306,759624.693371,887468.786019,195803.144577,189906.173343,22186.719650,44573.888458
789991.689075,719137.393321,869461.474478,197497.922269,179784.348330,21736.536862,4414.281694
788597.638476,738129.351660,886058.286816,197149.409619,184532.337915,22151.457170,25431.774250
789910.296549,713133.590877,867860.156473,197477.574137,178283.397719,21696.503912,8692.375399
813841.728827,716719.580673,857203.819395,203460.432207,179179.895168,21430.095485,23191.071279
771851.811833,738448.716420,862887.923493,192962.952958,184612.179105,21572.198087,28565.823072
801821.554685,678015.821679,813867.397811,200455.388671,169503.955420,20346.684945,69593.239224
747047.158235,679767.546016,826136.226270,186761.789559,169941.886504,20653.405657,75079.273707
789203.497660,721640.947310,870028.612412,197300.874415,180410.236827,21750.715310,5038.715691
778638.193083,785008.539035,839886.136952,194659.548271,196252.134759,20997.153424,71647.825384
781224.221356,767951.143557,859588.866950,195306.055339,191987.785889,21489.721674,49427.783243
776746.565113,729999.422899,868241.224829,194186.641278,182499.855725,21706.030621,19319.079022
792218.029991,728578.513103,877036.858507,198054.507498,182144.628276,21925.921463,11897.036066
810782.334200,739057.775431,888270.889692,202695.583550,184764.443858,22206.772242,32027.454332
763289.125157,708496.085702,842067.159530,190822.281289,177124.021426,21051.678988,41966.044126
769116.189123,705395.178976,869203.989853,192279.047281,176348.794744,21730.099746,29168.589472
807067.817654,725048.636941,877518.166395,201766.954414,181262.159235,21937.954160,16806.879352
796863.832471,724583.535826,880062.425762,199215.958118,181145.883956,22001.560644,12904.427360
787342.416797,731187.046408,871653.499561,196835.604199,182796.761602,21791.337489,12650.131132
771824.051802,723903.086496,871450.335800,192956.012951,180975.771624,21786.258395,22425.888044
792166.965372,721166.167325,867902.828875,198041.741343,180291.541831,21697.570722,1654.925230
769508.569518,728356.867722,857064.330714,192377.142379,182089.216931,21426.608268,27686.018062
795522.483003,748156.894771,835373.284344,198880.620751,187039.223693,20884.332109,42605.470150
769142.615098,704564.962577,845708.424104,192285.653774,176141.240644,21142.710603,37083.344730
785156.182942,722872.477994,866679.341679,196289.045735,180718.119499,21666.983542,8966.512911
797622.080169,750358.796910,883302.000000,199405.520042,187589.699228,22082.550000,33372.567128
763606.192483,725679.783309,879983.981208,190901.548121,181419.945827,21999.599530,32797.220309
779226.821356,755544.899676,863458.232033,194806.705339,188886.224919,21586.455801,37857.892008
796856.231692,723154.887081,864394.024411,199214.057923,180788.721770,21609.850610,5293.810863
789353.360293,715984.105790,843117.861535,197338.340073,178996.026448,21077.946538,25827.400438
801475.709777,730766.479095,888535.810301,200368.927444,182691.619774,22213.395258,23972.258572
806138.304030,744625.084659,865941.113695,201534.576008,186156.271165,21648.527842,26823.612034
785202.227376,736948.690140,875954.981515,196300.556844,184237.172535,21898.874538,19826.832015
804742.871293,717913.213751,837844.672250,201185.717823,179478.303438,20946.116806,32296.522582
784849.397337,715533.246377,838826.029971,196212.349334,178883.311594,20970.650749,31058.861560
762420.722245,698513.164207,836521.814120,190605.180561,174628.291052,20913.045353,49815.708709
804101.352881,706239.789409,851387.345980,201025.338220,176559.947352,21284.683649,24496.609092
793299.531495,726302.468336,858900.000000,198324.882874,181575.617084,21472.500000,10659.043759
789457.983661,751885.022565,879501.000000,197364.495915,187971.255641,21987.525000,33298.631588
803693.011275,727289.698730,887353.843271,200923.252819,181822.424683,22183.846082,22588.429281
780168.992245,700912.992416,849524.429614,195042.248061,175228.248104,21238.110740,30490.914399
782870.450727,728879.204629,883656.263867,195717.612682,182219.801157,22091.406597,20626.205124
781498.323720,725804.330738,873959.116754,195374.580930,181451.082685,21848.977919,14480.074067
794551.111798,720516.241464,879068.065985,198637.777950,180129.060366,21976.701650,11021.221328
769017.866045,704992.347732,845133.099532,192254.466511,176248.086933,21128.327488,37331.299756
790248.435609,744789.371323,895140.170671,197562.108902,186197.342831,22378.504267,36264.715380
810017.762846,746747.774691,888865.057314,202504.440712,186686.943673,22221.626433,36918.666601
783818.448775,708356.846039,843672.121243,195954.612194,177089.211510,21091.803031,29201.844722
766845.725226,748143.204165,880531.539090,191711.431306,187035.801041,22013.288477,40285.219322
792298.089352,750283.533867,879509.235839,198074.522338,187570.883467,21987.730896,31556.000869
800071.557232,726757.963836,878677.930822,200017.889308,181689.490959,21966.948271,13637.120430
784642.907447,750579.757113,888426.000000,196160.726862,187644.939278,22210.650000,37122.483494
804152.415905,749837.213462,857609.931058,201038.103976,187459.303365,21440.248276,32463.209221
786783.953164,753598.646001,886450.705132,196695.988291,188399.661500,22161.267628,38148.051896
795428.525002,726794.576591,878129.881371,198857.131251,181698.644148,21953.247034,11761.382300
810788.096479,726634.320467,890379.000000,202697.024120,181658.580117,22259.475000,28616.488999
795439.125330,742939.573060,833270.444620,198859.781333,185734.893265,20831.761116,41228.732446
761808.206885,758753.450923,871320.056920,190452.051721,189688.362731,21783.001423,49656.209546
782909.288044,709559.674264,842453.486355,195727.322011,177389.918566,21061.337159,30065.530398
762136.730005,698063.315473,887182.269995,190534.182501,174515.828868,22179.556750,43460.700047
780905.170419,715553.640178,883783.930538,195226.292605,178888.410045,22094.598263,21008.402607
795966.519199,720122.502013,868650.270542,198991.629800,180030.625503,21716.256764,2381.333518
788290.369356,718082.860162,887554.749204,197072.592339,179520.715040,22188.868730,20433.188968
761401.953754,758105.708239,843158.145919,190350.488439,189526.427060,21078.953648,55261.952597
766307.524644,706696.779119,827594.355250,191576.881161,176674.194780,20689.858881,50955.300169
787886.649169,733112.585996,883315.252670,196971.662292,183278.146499,22082.881317,20394.558384
838122.584644,771672.640559,881629.718882,209530.646161,192918.160140,22040.742972,68744.776876
823427.721509,759450.452815,888867.819623,205856.930377,189862.613204,22221.695491,52876.555324
776989.356920,720971.053037,896689.356920,194247.339230,180242.763259,22417.233923,33178.729535
796174.582720,713628.837556,852141.604605,199043.645680,178407.209389,21303.540115,17683.194114
770600.432724,718327.414027,846144.388104,192650.108181,179581.853507,21153.609703,32026.228095
809677.294552,718712.635216,829379.367205,202419.323638,179678.158804,20734.484180,41891.540772
792048.314577,732598.497723,878868.606913,198012.078644,183149.624431,21971.715173,16003.193900
776061.779744,714753.976952,877296.000000,194015.444936,178688.494238,21932.400000,20908.547678
766338.500096,738274.813120,872487.179369,191584.625024,184568.703280,21812.179484,32782.984686
791868.288959,724724.639602,870517.886215,197967.072240,181181.159901,21762.947155,4920.436080
784645.631004,721303.854880,890235.399868,196161.407751,180325.963720,22255.884997,23972.369724
750633.377614,699981.928871,890309.164922,187658.344404,174995.482218,22257.729123,52864.949752
774010.746957,714717.461567,838241.694467,193502.686739,178679.365392,20956.042362,36331.050289
744963.742296,750639.342783,900894.750255,186240.935574,187659.835696,22522.368756,65916.305482
810751.973833,702264.901163,825001.402667,202687.993458,175566.225291,20625.035067,49909.632285
779328.907646,787419.210430,841481.500936,194832.226911,196854.802607,21037.037523,73078.056253
774200.618893,694466.840574,833017.780727,193550.154723,173616.710144,20825.444518,48086.550571
792961.332962,718919.950947,870060.685704,198240.333240,179729.987737,21751.517143,2926.681162
745277.220550,710573.496006,864155.912312,186319.305138,177643.374002,21603.897808,49758.258230
775796.395224,730424.429142,867201.108797,193949.098806,182606.107285,21680.027720,20375.884389
776423.346878,734730.712752,892613.028905,194105.836720,183682.678188,22315.325723,33084.845569
829911.475641,764447.808658,888925.471462,207477.868910,191111.952165,22223.136787,60289.842752
782275.757384,719549.011657,890134.735164,195568.939346,179887.252914,22253.368379,24917.504620
782752.689227,751942.945801,856142.870358,195688.172307,187985.736450,21403.571759,35036.114330
782561.343579,757164.264274,887720.599324,195640.335895,189291.066069,22193.014983,42736.371916
783532.273968,756704.258487,879687.039908,195883.068492,189176.064622,21992.175998,39004.582748
755211.229195,690197.192034,860355.256870,188802.807299,172549.298008,21508.881422,49912.936783
787964.291000,714937.437752,870744.000000,196991.072750,178734.359438,21768.600000,8758.236224
802497.333696,678833.681741,830312.029786,200624.333424,169708.420435,20757.800745,57205.337739
745553.023945,710268.041181,864079.488142,186388.255986,177567.010295,21601.987204,49560.181897
801708.623871,746841.499088,871702.456632,200427.155968,186710.374772,21792.561416,27355.831197
745979.278965,737512.119954,814687.268905,186494.819741,184378.029988,20367.181723,73569.945127
799279.005261,708130.348417,848407.798865,199819.751315,177032.587104,21210.194972,24090.892558
751836.845197,690155.384359,844564.964184,187959.211299,172538.846090,21114.124105,57086.909995
801181.630305,728547.052754,846582.886836,200295.407576,182136.763188,21164.572171,23980.984913
779814.101604,746289.536352,855261.924497,194953.525401,186572.384088,21381.548112,31684.492907
814071.816757,719305.639832,865840.224082,203517.954189,179826.409958,21646.005602,20465.950307
791435.335810,720660.064388,868189.048266,197858.833952,180165.016097,21704.726207,2372.178260
801787.393062,746223.042394,873086.662810,200446.848265,186555.760598,21827.166570,27015.631662
795273.951830,742070.393513,832841.106628,198818.487957,185517.598378,20821.027666,41131.772226
767967.850477,715280.461446,847013.504235,191991.962619,178820.115362,21175.337606,33798.714955
763602.549400,751255.947727,868122.795744,190900.637350,187813.986932,21703.069894,42806.572980
773880.110564,710009.227518,873012.000000,193470.027641,177502.306879,21825.300000,23229.102577
811621.654998,746726.782343,871332.000000,202905.413749,186681.695586,21783.300000,31544.914376
775642.213752,762447.782698,882134.823564,193910.553438,190611.945674,22053.370589,47460.576828
804989.225093,746849.835390,888506.290076,201247.306273,186712.458848,22212.657252,34865.312267
774540.686021,761442.043560,883367.497749,193635.171505,190360.510890,22084.187444,47406.005576
790983.019276,720773.860727,873349.519514,197745.754819,180193.465182,21833.737988,5972.955881
746897.848426,714208.949700,829882.421780,186724.462106,178552.237425,20747.060545,60852.228461
778302.000000,786511.985186,841834.520380,194575.500000,196627.996296,21045.863010,72337.045646
781729.594785,723011.720615,883056.141765,195432.398696,180752.930154,22076.403544,19344.562082
774097.532118,733207.386067,878123.178317,193524.383029,183301.846517,21953.079458,25298.466228
796064.894060,720646.365478,868622.928110,199016.223515,180161.591369,21715.573203,2351.440189
799646.467961,728460.822706,863100.000000,199911.616990,182115.205676,21577.500000,10775.914157
781179.082586,723863.561090,856002.779645,195294.770646,180965.890273,21400.069491,17711.021387
770495.944777,768136.098728,844688.763413,192623.986194,192034.024682,21117.219085,57622.473458
785666.233285,719024.722207,873823.054126,196416.558321,179756.180552,21845.576353,10127.067228
821090.262824,701067.245725,858705.805852,205272.565706,175266.811431,21467.645146,35024.651310
815386.201752,750209.977006,869292.741677,203846.550438,187552.494252,21732.318542,36419.584679
797047.480776,740313.160405,841769.320128,199261.870194,185078.290101,21044.233003,32854.379932
779566.231566,757357.162076,891051.000000,194891.557891,189339.290519,22276.275000,45371.585212
766948.971938,732617.764571,875574.654025,191737.242985,183154.441143,21889.366351,30229.730081
771102.202809,740025.234498,897186.524339,192775.550702,185006.308625,22429.663108,41563.028168
790574.570775,745903.921520,879585.000000,197643.642694,186475.980380,21989.625000,27704.024409
791400.083923,720030.695109,875258.881776,197850.020981,180007.673777,21881.472044,7617.563255
798159.921788,737637.921788,879471.378578,199539.980447,184409.480447,21986.784464,20705.857376
803351.132517,726708.379328,885272.311247,200837.783129,181677.094832,22131.807781,20508.461201
806222.871827,714206.144721,829971.345394,201555.717957,178551.536180,20749.283635,40641.247451
792179.330210,723632.212967,869927.470926,198044.832552,180908.053242,21748.186773,3665.404339
777959.970486,710710.609432,858353.204968,194489.992621,177677.652358,21458.830124,21195.529588
788564.319595,699307.346512,849842.319595,197141.079899,174826.836628,21246.057990,28749.432344
780827.473884,705982.869515,835554.078253,195206.868471,176495.717379,20888.851956,38062.764520
784727.141995,721383.068963,872306.536502,196181.785499,180345.767241,21807.663413,10013.039097
804106.225045,736951.209325,878628.255256,201026.556261,184237.802331,21965.706381,21795.263079
803064.175465,685400.686054,814781.790392,200766.043866,171350.171514,20369.544760,64710.445284
771186.374657,720911.132663,862217.460656,192796.593664,180227.783166,21555.436516,23353.451019
786653.354618,756434.354618,886151.031066,196663.338655,189108.588655,22153.775777,40492.521459
727419.901064,743200.822367,893816.902366,181854.975266,185800.205592,22345.422559,74596.337642
799358.980698,728006.990709,862537.811725,199839.745174,182001.747677,21563.445293,10587.860692
787004.412894,717469.130592,869432.795590,196751.103223,179367.282648,21735.819890,7728.338595
798852.676624,719342.451083,860971.989498,199713.169156,179835.612771,21524.299737,8864.829643
755944.221774,718855.769227,865999.293074,188986.055444,179713.942307,21649.982327,37960.444005
801727.826329,730319.244452,833319.327739,200431.956582,182579.811113,20832.983193,36876.187407
777027.220014,709272.920312,873066.746390,194256.805004,177318.230078,21826.668660,21007.155135
791626.057990,720991.523802,872728.966952,197906.514498,180247.880951,21818.224174,5129.441951
791461.350818,721407.812187,872094.767278,197865.337704,180351.953047,21802.369182,4669.057092
789018.959088,715975.640736,870571.661839,197254.739772,178993.910184,21764.291546,7301.949478
812726.088111,706814.133861,826579.245505,203181.522028,176703.533465,20664.481138,47743.579453
780132.442413,767411.096216,854199.686828,195033.110603,191852.774054,21354.992171,50416.114139
785769.343294,730839.474897,882939.932231,196442.335823,182709.868724,22073.498306,19591.191902
774137.491114,746921.623453,870063.964135,193534.372778,186730.405863,21751.599103,32664.115454
781466.295813,720095.237605,881718.040952,195366.573953,180023.809401,22042.951024,18400.536063
806862.353970,750620.359403,878418.669657,201715.588492,187655.089851,21960.466741,34066.795336
746124.665713,717674.463643,841141.785211,186531.166428,179418.615911,21028.544630,54847.952846
771622.907586,734992.762680,857850.000000,192905.726897,183748.190670,21446.250000,28186.913598
778734.067980,733474.545296,874032.067980,194683.516995,183368.636324,21850.801700,20496.011579
769325.454189,741670.236307,896821.571405,192331.363547,185417.559077,22420.539285,43078.535807
782639.492882,711950.037946,883425.036585,195659.873220,177987.509487,22085.625915,20978.409067
744671.587877,738651.348226,814598.876551,186167.896969,184662.837056,20364.971914,74752.069261
750360.304399,703646.262843,865037.459309,187590.076100,175911.565711,21625.936483,46835.209045
773070.864243,712648.698319,861480.864243,193267.716061,178162.174580,21537.021606,23262.203767
831732.725338,765795.168743,887627.181629,207933.181335,191448.792186,22190.679541,61939.073827
797925.699252,727432.633117,881331.413227,199481.424813,181858.158279,22033.285331,15338.130894
806253.516136,723114.708974,829720.322756,201563.379034,180778.677244,20743.008069,40393.363157
760628.561663,745954.981200,854479.620247,190157.140416,186488.745300,21361.990506,43727.968613
803626.612208,723185.886327,885220.587104,200906.653052,180796.471582,22130.514678,19892.412867
787858.998368,717936.627926,866105.052935,196964.749592,179484.156982,21652.626323,6923.147859
815733.959830,754541.764969,871878.195443,203933.489957,188635.441242,21796.954886,40337.402442
790290.812556,723215.725121,876997.298812,197572.703139,180803.931280,21924.932470,9854.041144
794024.228946,727097.584511,872543.820347,198506.057236,181774.396128,21813.595509,7634.826704
797017.663748,751328.539043,882819.000000,199254.415937,187832.134761,22070.475000,33956.622672
791775.745812,729918.000000,870446.417443,197943.936453,182479.500000,21761.160436,9531.280736
763189.773130,744521.155842,856474.727683,190797.443282,186130.288961,21411.868192,40357.895929
763873.527968,712240.227590,846833.643686,190968.381992,178060.056898,21170.841092,37704.812742
799906.378822,719634.259252,867300.000000,199976.594705,179908.564813,21682.500000,6294.159505
780551.546787,750859.780871,875435.010515,195137.886697,187714.945218,21885.875263,33563.595730
804300.391014,759397.783971,858389.130338,201075.097754,189849.445993,21459.728258,41058.527819
800107.256159,754969.833890,874693.377063,200026.814040,188742.458473,21867.334427,35267.942164
778948.187541,785835.082175,841320.041087,194737.046885,196458.770544,21033.001027,71777.156318
804789.391559,720641.712479,859825.358160,201197.347890,180160.428120,21495.633954,13753.277502
761219.305899,698064.421407,887837.170418,190304.826475,174516.105352,22195.929260,44420.212369
785435.896291,723401.896291,865969.777166,196358.974073,180850.474073,21649.244429,8972.013615
756760.737226,696853.609025,889244.382652,189190.184306,174213.402256,22231.109566,48967.940950
747955.598228,746625.421880,895552.327383,186988.899557,186656.355470,22388.808185,59305.061230
766977.083147,704350.713789,849602.925218,191744.270787,176087.678447,21240.073130,36531.983042
812414.390263,748198.491718,870897.452724,203103.597566,187049.622929,21772.436318,33158.745410
790637.846472,737314.428277,877170.000000,197659.461618,184328.607069,21929.250000,19019.665436
784448.053477,707878.843186,881023.394150,196112.013369,176969.710797,22025.584854,20605.817528
791221.957377,721176.666102,868132.173771,197805.489344,180294.166525,21703.304344,2584.573981
770144.474859,718507.368715,844577.933101,192536.118715,179626.842179,21114.448328,33426.271470
778464.511411,723290.240457,879665.737593,194616.127853,180822.560114,21991.643440,19360.689337
793783.311381,751757.413742,836747.678835,198445.827845,187939.353436,20918.691971,43970.453185
734213.525571,735050.413077,839099.997874,183553.381393,183762.603269,20977.499947,67745.427788
782074.000209,716621.275006,877602.094300,195518.500052,179155.318752,21940.052357,15695.789567
780196.238192,747401.917288,869135.380904,195049.059548,186850.479322,21728.384523,29797.419708
762910.992685,741061.053002,862183.946998,190727.748171,185265.263250,21554.598675,37343.615238
806877.582557,722641.785815,828290.623130,201719.395639,180660.446454,20707.265578,41921.748482
769208.278097,759617.914995,897063.843375,192302.069524,189904.478749,22426.596084,54248.318668
769676.435402,718692.052338,844087.348643,192419.108851,179673.013085,21102.183716,34089.854782
788269.836452,721600.551240,836242.203439,197067.459113,180400.137810,20906.055086,32320.569415
784239.149689,758907.636529,879501.000000,196059.787422,189726.909132,21987.525000,40812.603034
775829.319396,740542.221848,875217.921352,193957.329849,185135.555462,21880.448034,27551.959700
786854.173823,688647.826177,842227.719608,196713.543456,172161.956544,21055.692990,41918.881768
775056.352228,787619.293487,844474.838448,193764.088057,196904.823372,21111.870961,73202.628560
799548.767691,721010.127857,890928.879222,199887.191923,180252.531964,22273.221981,23563.151022
769439.617902,706999.882997,855573.263653,192359.904475,176749.970749,21389.331591,30706.557711
784932.007489,756722.590444,890422.448933,196233.001872,189180.647611,22260.561223,43131.999494
801315.428298,749060.506366,889285.359914,200328.857075,187265.126592,22232.133998,36039.324038
802360.429507,744523.753166,870610.429507,200590.107377,186130.938291,21765.260738,25249.254549
773515.285095,711331.037338,820206.876093,193378.821274,177832.759334,20505.171902,52864.916285
806081.612968,713574.054258,855214.931339,201520.403242,178393.513564,21380.373283,19243.994873
803006.361801,715342.502356,828097.709463,200751.590450,178835.625589,20702.442737,41406.071825
775688.805211,741277.867968,875315.607292,193922.201303,185319.466992,21882.890182,28195.942890
840712.958480,773154.670842,879398.774886,210178.239620,193288.667711,21984.969372,71129.498970
805002.251874,750014.062279,863150.922279,201250.562969,187503.515570,21578.773057,31577.340225
793804.286357,726278.762285,858455.087687,198451.071589,181569.690571,21461.377192,11021.986005
785807.837305,723907.952112,865021.714133,196451.959326,180976.988028,21625.542853,9060.887321
798991.228042,728620.327393,861099.690109,199747.807011,182155.081848,21527.492253,11629.131190
760331.817630,724676.049114,847560.240487,190082.954408,181169.012279,21189.006012,39431.491588
752282.926147,705814.372088,864186.145932,188070.731537,176453.593022,21604.653648,44339.405895
767102.489105,736773.812131,865141.136828,191775.622276,184193.453033,21628.528421,31187.992932
779834.404770,704120.515917,870773.342554,194958.601193,176030.128979,21769.333564,21997.458502
762972.296896,744903.978732,856940.967233,190743.074224,186225.994683,21423.524181,40616.981002
819454.985803,744487.615856,888010.384144,204863.746451,186121.903964,22200.259604,40147.320413
786673.632116,704584.706485,840643.632116,196668.408029,176146.176621,21016.090803,32708.949161
789038.695160,719006.859521,871181.322123,197259.673790,179751.714880,21779.533053,5985.519270
789127.499743,712497.014556,841978.507278,197281.874936,178124.253639,21049.462682,27817.083979
786828.000000,755034.665477,880689.964247,196707.000000,188758.666369,22017.249106,37042.378311
789779.315155,740686.147876,876447.632795,197444.828789,185171.536969,21911.190820,21847.060481
792713.755930,722165.604061,868056.000000,198178.438982,180541.401015,21701.400000,1656.729987
792393.426963,717731.777798,868457.408635,198098.356741,179432.944449,21711.435216,3490.964236
792674.060929,751908.646314,835947.000000,198168.515232,187977.161579,20898.675000,44663.402789
794568.974416,716638.822512,880597.969303,198642.243604,179159.705628,22014.949233,13248.740361
795842.172140,728110.212346,871490.558450,198960.543035,182027.553087,21787.263961,8228.424966
798825.492246,751985.250073,853317.749927,199706.373061,187996.312518,21332.943748,34771.476003
791502.541800,720455.570039,874121.551292,197875.635450,180113.892510,21853.038782,6476.623637
781767.797335,727670.043198,872956.086908,195441.949334,181917.510799,21823.902173,14631.572078
774553.306028,723852.537102,884019.087533,193638.326507,180963.134276,22100.477188,25156.552941
796266.932975,726981.902111,880908.855357,199066.733244,181745.475528,22022.721384,14408.230629
764363.426826,687842.976766,822288.568704,191090.856707,171960.744191,20557.214218,63688.239579
777408.262098,713897.315525,870486.176638,194352.065525,178474.328881,21762.154416,17982.387229
778963.201943,702946.497571,853921.708957,194740.800486,175736.624393,21348.042724,27257.403152
805008.775879,741195.000000,857721.099490,201252.193970,185298.750000,21443.027487,25390.652806
778133.220596,691183.341812,823114.932794,194533.305149,172795.835453,20577.873320,56130.294367
769178.082984,742528.710869,897056.627885,192294.520746,185632.177717,22426.415697,43737.226855
762227.459397,715890.923916,877699.789413,190556.864849,178972.730979,21942.494735,33377.112282
770902.709302,728741.127905,870404.193495,192725.677325,182185.281976,21760.104837,24303.896742
782263.611844,719565.150225,888158.923237,195565.902961,179891.287556,22203.973081,23192.027453
765327.163695,739376.651338,874814.234764,191331.790924,184844.162835,21870.355869,34593.177159
776711.609032,716226.908364,844232.321279,194177.902258,179056.727091,21105.808032,29704.615044
793312.077196,735134.533255,879119.884205,198328.019299,183783.633314,21977.997105,18013.983947
767000.186013,737373.615148,892145.589563,191750.046503,184343.403787,22303.639739,39598.868417
782419.447450,765218.818707,858795.889362,195604.861862,191304.704677,21469.897234,46679.527808
764561.324593,736123.688797,871000.341051,191140.331148,184030.922199,21775.008526,33082.895311
783876.239058,717012.562958,837416.364431,195969.059765,179253.140740,20935.409111,32461.597174
767315.971466,769881.000000,843524.558425,191828.992867,192470.250000,21088.113961,60846.565448
770359.323138,729684.719125,865851.000000,192589.830784,182421.179781,21646.275000,25121.496463
765269.931148,688941.659084,807813.450290,191317.482787,172235.414771,20195.336257,73941.952754
793440.989943,711159.680484,882444.657346,198360.247486,177789.920121,22061.116434,17363.649446
729109.223191,706524.068203,829246.761690,182277.305798,176631.017051,20731.169042,76803.512337
777940.998128,757051.102090,863639.164558,194485.249532,189262.775522,21590.979114,39715.225147
780498.412093,767486.570572,862296.990442,195124.603023,191871.642643,21557.424761,48782.434497
796889.237883,722168.177602,868009.065673,199222.309471,180542.044401,21700.226642,3344.542087
796467.022318,730965.310476,870686.318060,199116.755579,182741.327619,21767.157951,10728.379758
801899.775450,754340.776443,847322.258487,200474.943862,188585.194111,21183.056462,40179.228417
751060.060935,711624.070067,821304.739926,187765.015234,177906.017517,20532.618498,64032.295963
777612.399596,733402.293414,885808.718723,194403.099899,183350.573354,22145.217968,27059.089134
806372.930643,723788.791928,828924.017843,201593.232661,180947.197982,20723.100446,41228.263566
780187.860433,740940.623790,874684.335851,195046.965108,185235.155947,21867.108396,25099.718749
790475.687039,714689.365731,867450.698325,197618.921760,178672.341433,21686.267458,7075.688265
787365.316064,722638.625610,872986.309546,196841.329016,180659.656403,21824.657739,8268.567275
786865.655561,716115.069489,870731.920832,196716.413890,179028.767372,21768.298021,8830.578365
785930.332360,734169.691146,852496.939776,196482.583090,183542.422786,21312.423494,21920.539137
781121.004181,767989.519530,861490.672944,195280.251045,191997.379882,21537.266824,49200.028936
809642.124709,718991.791767,829447.041178,202410.531177,179747.947942,20736.176029,41801.959459
763983.477964,739649.949266,875371.730278,190995.869491,184912.487317,21884.293257,35958.002986
802270.713778,713767.232490,826958.004133,200567.678445,178441.808123,20673.950103,42589.877812
790241.975289,745140.247055,895482.192862,197560.493822,186285.061764,22387.054822,36751.661819
765181.333455,702115.193486,830346.138835,191295.333364,175528.798371,20758.653471,50946.875226
770821.054429,702368.903961,838892.505201,192705.263607,175592.225990,20972.312630,41512.314739
764561.279873,712700.167824,846862.018675,191140.319968,178175.041956,21171.550467,37040.602582
782607.928995,698668.384772,870767.524215,195651.982249,174667.096193,21769.188105,25038.105282
798395.151260,719640.240728,862019.873444,199598.787815,179910.060182,21550.496836,7715.008034
753699.039237,714347.627528,837235.756595,188424.759809,178586.906882,20930.893915,51008.345797
788844.536952,717431.094373,869799.898306,197211.134238,179357.773593,21744.997458,6286.836529
765592.257331,718020.089218,869377.385173,191398.064333,179505.022305,21734.434629,28376.904757
798241.732739,721259.912749,864509.763235,199560.433185,180314.978187,21612.744081,5715.816179
776282.398601,733843.583470,891939.282931,194070.599650,183460.895867,22298.482073,32298.310217
776840.888324,735726.439337,873810.655323,194210.222081,183931.609834,21845.266383,23232.880619
764084.173653,763756.867347,843243.459499,191021.043413,190939.216837,21081.086487,57753.217428
771831.695586,733278.153544,855688.984129,192957.923897,183319.538386,21392.224603,28085.813909
782364.741679,764723.225037,859270.235087,195591.185420,191180.806259,21481.755877,46129.905003
797040.933588,727939.337913,871245.968952,199260.233397,181984.834478,21781.149224,8367.714246
782515.216872,726961.131453,872609.759582,195628.804218,181740.282863,21815.243990,13576.632866
798783.041669,737025.401363,843051.316746,199695.760417,184256.350341,21076.282919,30184.699917
798878.369448,719691.000000,859984.446016,199719.592362,179922.750000,21499.611150,9637.958159
777367.513324,760657.256888,884646.635820,194341.878331,190164.314222,22116.165895,46089.267819
775871.731050,762558.635507,882546.000000,193967.932762,190639.658877,22063.650000,47593.871805
783459.273745,749974.677745,888342.000000,195864.818436,187493.669436,22208.550000,36907.799054
804161.017032,733012.178129,882239.693625,201040.254258,183253.044532,22055.992341,21319.581749
775260.401450,737492.345722,894724.069516,193815.100363,184373.086430,22368.101738,36446.770889
771049.767253,733101.854645,866481.087821,192762.441813,183275.463661,21662.027196,25854.511435
808602.416510,713777.666460,844892.751293,202150.604128,178444.416615,21122.318782,28422.501582
747381.768337,745074.727506,836574.812828,186845.442084,186268.681876,20914.370321,61077.959528
787896.943009,717412.541759,865928.802853,196974.235752,179353.135440,21648.220071,7183.145162
782034.816541,752691.702680,876637.511739,195508.704135,188172.925670,21915.937793,34952.340782
794802.928323,737602.850270,881798.594496,198700.732081,184400.712567,22044.964862,21631.917080
768277.898137,747620.873714,851983.634644,192069.474534,186905.218428,21299.590866,40294.416407
805513.134212,737188.431465,870651.773940,201378.283553,184297.107866,21766.294348,20225.020571
746283.039504,682674.834325,825131.911240,186570.759876,170668.708581,20628.297781,74588.300779
793421.716318,753688.446960,885094.338926,198355.429080,188422.111740,22127.358473,36934.841843
793572.890302,723314.406466,870584.885572,198393.222575,180828.601616,21764.622139,3480.409870
780663.922437,725610.823413,881391.000000,195165.980609,181402.705853,22034.775000,19278.114264
767060.672996,735796.428013,869430.510033,191765.168249,183949.107003,21735.762751,30627.651060
